label,entity_id,e,cand_count,best_score,second_score,best_true_score,best_false_score,true_rank,retrieved_true,n_accepted,tp,n_true,fp,fn,score_gap_top2,true_false_gap,n_above_t,cand_bucket,error_class,country,true_sources
SYNTHETIC VALIDATION — NOT COMPETITION PERFORMANCE,E0000006,6,38,1.000001,1.000001,1.000001,6.30657e-11,1.0,2,2,2,2,0,0,0.0,1.000001,2,20+,correct,US,source3
SYNTHETIC VALIDATION — NOT COMPETITION PERFORMANCE,E0000009,9,31,1.000001,1.000001,1.000001,0.12500031,1.0,2,2,2,2,0,0,0.0,0.87500066,2,20+,correct,US,source2
SYNTHETIC VALIDATION — NOT COMPETITION PERFORMANCE,E0000011,11,30,0.33333388,4.085114e-11,,0.33333388,,0,0,0,0,0,0,0.33333388,,0,20+,correct,US,none
SYNTHETIC VALIDATION — NOT COMPETITION PERFORMANCE,E0000014,14,43,0.0013513524,0.0013513518,,0.0013513524,,0,0,0,0,0,0,5.820766e-10,,0,20+,correct,IN,none
SYNTHETIC VALIDATION — NOT COMPETITION PERFORMANCE,E0000015,15,22,0.0013513548,3.6253903e-11,,0.0013513548,,0,0,0,0,0,0,0.0013513548,,0,20+,correct,BR,none
SYNTHETIC VALIDATION — NOT COMPETITION PERFORMANCE,E0000016,16,45,1.000001,0.0013513521,1.000001,0.0013513521,1.0,1,1,1,1,0,0,0.9986496,0.9986496,1,20+,correct,DE,source2
SYNTHETIC VALIDATION — NOT COMPETITION PERFORMANCE,E0000017,17,29,0.0013513553,0.001351352,,0.0013513553,,0,0,0,0,0,0,3.3760443e-09,,0,20+,correct,DE,none
SYNTHETIC VALIDATION — NOT COMPETITION PERFORMANCE,E0000019,19,25,1.000001,5.7261515e-11,1.000001,5.7261515e-11,1.0,1,1,1,1,0,0,1.000001,1.000001,1,20+,correct,DE,source3
SYNTHETIC VALIDATION — NOT COMPETITION PERFORMANCE,E0000023,23,37,0.900001,0.8571439,0.900001,0.08333338,1.0,4,2,2,4,0,2,0.04285711,0.8166676,2,20+,multi_under_selection,BR,source2+source3
SYNTHETIC VALIDATION — NOT COMPETITION PERFORMANCE,E0000025,25,39,0.8750011,0.8571438,0.8750011,0.8571438,1.0,1,2,1,1,1,0,0.017857254,0.017857254,2,20+,over_selection,IN,source2
SYNTHETIC VALIDATION — NOT COMPETITION PERFORMANCE,E0000033,33,29,1.000001,1.000001,1.000001,0.0013513522,1.0,4,4,4,4,0,0,0.0,0.9986496,4,20+,correct,FR,source2+source3
SYNTHETIC VALIDATION — NOT COMPETITION PERFORMANCE,E0000036,36,46,0.0013513524,0.0013513517,,0.0013513524,,0,0,0,0,0,0,6.9849193e-10,,0,20+,correct,US,none
SYNTHETIC VALIDATION — NOT COMPETITION PERFORMANCE,E0000037,37,46,1.000001,0.33333394,1.000001,0.33333394,1.0,1,1,1,1,0,0,0.666667,0.666667,1,20+,correct,JP,source2
SYNTHETIC VALIDATION — NOT COMPETITION PERFORMANCE,E0000043,43,27,1.000001,0.900001,1.000001,7.2947974e-11,1.0,2,2,2,2,0,0,0.099999964,1.000001,2,20+,correct,DE,source2+source3
SYNTHETIC VALIDATION — NOT COMPETITION PERFORMANCE,E0000047,47,31,1.000001,1.000001,1.000001,2.771585e-10,1.0,2,2,2,2,0,0,0.0,1.000001,2,20+,correct,US,source2
SYNTHETIC VALIDATION — NOT COMPETITION PERFORMANCE,E0000049,49,35,0.7222232,0.0013513594,0.7222232,0.0013513594,1.0,1,1,1,1,0,0,0.72087187,0.72087187,1,20+,correct,BR,source2
SYNTHETIC VALIDATION — NOT COMPETITION PERFORMANCE,E0000051,51,40,6.105114e-11,4.984403e-11,,6.105114e-11,,0,0,0,0,0,0,1.1207112e-11,,0,20+,correct,DE,none
SYNTHETIC VALIDATION — NOT COMPETITION PERFORMANCE,E0000058,58,46,1.000001,1.000001,1.000001,0.0833334,1.0,3,3,3,4,0,1,0.0,0.9166676,3,20+,retrieval_miss,BR,source2+source3
SYNTHETIC VALIDATION — NOT COMPETITION PERFORMANCE,E0000073,73,40,0.85714394,0.0013513527,0.85714394,0.0013513527,1.0,1,1,1,1,0,0,0.8557926,0.8557926,1,20+,correct,IN,source3
SYNTHETIC VALIDATION — NOT COMPETITION PERFORMANCE,E0000085,85,45,1.0171459e-10,5.5504615e-11,,1.0171459e-10,,0,0,0,0,0,0,4.6209973e-11,,0,20+,correct,DE,none
SYNTHETIC VALIDATION — NOT COMPETITION PERFORMANCE,E0000089,89,38,1.000001,1.000001,1.000001,0.0013513535,1.0,4,4,4,4,0,0,0.0,0.9986496,4,20+,correct,BR,source2+source3
SYNTHETIC VALIDATION — NOT COMPETITION PERFORMANCE,E0000091,91,46,0.12068974,1.1923573e-10,,0.12068974,,0,0,0,0,0,0,0.12068974,,0,20+,correct,BR,none
SYNTHETIC VALIDATION — NOT COMPETITION PERFORMANCE,E0000092,92,40,0.35714376,1.4140052e-10,0.35714376,1.4140052e-10,1.0,1,0,0,1,0,1,0.35714376,0.35714376,0,20+,decision_miss,US,source3
SYNTHETIC VALIDATION — NOT COMPETITION PERFORMANCE,E0000093,93,25,1.000001,0.083333366,1.000001,0.083333366,1.0,1,1,1,1,0,0,0.9166676,0.9166676,1,20+,correct,BR,source3
SYNTHETIC VALIDATION — NOT COMPETITION PERFORMANCE,E0000112,112,38,1.000001,1.000001,1.000001,3.713745e-10,1.0,2,2,2,2,0,0,0.0,1.000001,2,20+,correct,JP,source2+source3
SYNTHETIC VALIDATION — NOT COMPETITION PERFORMANCE,E0000115,115,40,1.000001,0.12068988,1.000001,0.12068988,1.0,1,1,1,1,0,0,0.8793111,0.8793111,1,20+,correct,DE,source2
SYNTHETIC VALIDATION — NOT COMPETITION PERFORMANCE,E0000119,119,43,1.000001,1.000001,1.000001,0.0013513518,1.0,2,2,2,2,0,0,0.0,0.9986496,2,20+,correct,DE,source2
SYNTHETIC VALIDATION — NOT COMPETITION PERFORMANCE,E0000128,128,42,1.000001,1.000001,1.000001,5.0877608e-11,1.0,4,3,3,4,0,1,0.0,1.000001,4,20+,multi_under_selection,BR,source2+source3
SYNTHETIC VALIDATION — NOT COMPETITION PERFORMANCE,E0000148,148,44,0.023809541,0.0013513517,0.023809541,0.0013513517,1.0,1,0,0,1,0,1,0.02245819,0.02245819,0,20+,decision_miss,US,source2
SYNTHETIC VALIDATION — NOT COMPETITION PERFORMANCE,E0000149,149,23,1.000001,0.023809541,1.000001,0.023809541,1.0,1,1,1,1,0,0,0.9761914,0.9761914,1,20+,correct,FR,source2
SYNTHETIC VALIDATION — NOT COMPETITION PERFORMANCE,E0000152,152,21,1.000001,0.0013513545,1.000001,0.0013513545,1.0,1,1,1,1,0,0,0.9986496,0.9986496,1,20+,correct,BR,source3
SYNTHETIC VALIDATION — NOT COMPETITION PERFORMANCE,E0000153,153,46,3.4162947e-10,3.793945e-11,,3.4162947e-10,,0,0,0,0,0,0,3.0369002e-10,,0,20+,correct,FR,none
SYNTHETIC VALIDATION — NOT COMPETITION PERFORMANCE,E0000157,157,24,0.8571439,2.1136215e-10,0.8571439,2.1136215e-10,1.0,1,1,1,1,0,0,0.8571439,0.8571439,1,20+,correct,FR,source2
SYNTHETIC VALIDATION — NOT COMPETITION PERFORMANCE,E0000162,162,40,1.000001,0.12068984,1.000001,0.12068984,1.0,1,1,1,1,0,0,0.8793111,0.8793111,1,20+,correct,US,source2
SYNTHETIC VALIDATION — NOT COMPETITION PERFORMANCE,E0000165,165,24,1.000001,1.000001,1.000001,1.3632247e-10,1.0,4,4,4,4,0,0,0.0,1.000001,4,20+,correct,FR,source2+source3
SYNTHETIC VALIDATION — NOT COMPETITION PERFORMANCE,E0000170,170,40,1.000001,1.801362e-10,1.000001,1.801362e-10,1.0,1,1,1,1,0,0,1.000001,1.000001,1,20+,correct,US,source2
SYNTHETIC VALIDATION — NOT COMPETITION PERFORMANCE,E0000173,173,44,1.000001,0.019607853,1.000001,0.019607853,1.0,1,1,1,1,0,0,0.9803931,0.9803931,1,20+,correct,IN,source3
SYNTHETIC VALIDATION — NOT COMPETITION PERFORMANCE,E0000178,178,38,1.000001,0.0013513523,1.000001,0.0013513523,1.0,1,1,1,1,0,0,0.9986496,0.9986496,1,20+,correct,JP,source3
SYNTHETIC VALIDATION — NOT COMPETITION PERFORMANCE,E0000184,184,56,0.019607853,0.0013513534,,0.019607853,,0,0,0,0,0,0,0.0182565,,0,20+,correct,US,none
SYNTHETIC VALIDATION — NOT COMPETITION PERFORMANCE,E0000192,192,38,1.000001,1.000001,1.000001,3.151026e-11,1.0,2,2,2,2,0,0,0.0,1.000001,2,20+,correct,FR,source2
SYNTHETIC VALIDATION — NOT COMPETITION PERFORMANCE,E0000196,196,32,0.2758625,0.1206898,,0.2758625,,0,0,0,0,0,0,0.15517268,,0,20+,correct,IN,none
SYNTHETIC VALIDATION — NOT COMPETITION PERFORMANCE,E0000205,205,24,1.000001,0.27586246,1.000001,0.27586246,1.0,1,1,1,1,0,0,0.7241385,0.7241385,1,20+,correct,DE,source2
SYNTHETIC VALIDATION — NOT COMPETITION PERFORMANCE,E0000206,206,52,1.4654811e-10,2.1023162e-11,,1.4654811e-10,,0,0,0,0,0,0,1.2552495e-10,,0,20+,correct,BR,none
SYNTHETIC VALIDATION — NOT COMPETITION PERFORMANCE,E0000212,212,38,1.000001,0.3571438,1.000001,5.5659134e-11,1.0,2,1,1,2,0,1,0.6428572,1.000001,1,20+,multi_under_selection,IN,source3
SYNTHETIC VALIDATION — NOT COMPETITION PERFORMANCE,E0000224,224,40,1.000001,0.8571439,1.000001,0.0013513534,1.0,2,2,2,2,0,0,0.14285707,0.9986496,2,20+,correct,US,source2
SYNTHETIC VALIDATION — NOT COMPETITION PERFORMANCE,E0000228,228,39,1.000001,1.000001,1.000001,0.0013513528,1.0,2,2,2,2,0,0,0.0,0.9986496,2,20+,correct,US,source2+source3
SYNTHETIC VALIDATION — NOT COMPETITION PERFORMANCE,E0000233,233,28,0.8571439,6.439501e-11,,0.8571439,,0,1,0,0,1,0,0.8571439,,1,20+,no_match_false_positive,US,none
SYNTHETIC VALIDATION — NOT COMPETITION PERFORMANCE,E0000236,236,23,3.2178826e-11,2.9832643e-11,,3.2178826e-11,,0,0,0,0,0,0,2.3461823e-12,,0,20+,correct,US,none
SYNTHETIC VALIDATION — NOT COMPETITION PERFORMANCE,E0000237,237,27,3.8687033e-11,3.836844e-11,,3.8687033e-11,,0,0,0,0,0,0,3.1859237e-13,,0,20+,correct,US,none
SYNTHETIC VALIDATION — NOT COMPETITION PERFORMANCE,E0000239,239,28,3.33552e-10,1.7979583e-11,,3.33552e-10,,0,0,0,0,0,0,3.155724e-10,,0,20+,correct,US,none
SYNTHETIC VALIDATION — NOT COMPETITION PERFORMANCE,E0000243,243,35,0.019607857,1.4063005e-10,,0.019607857,,0,0,0,0,0,0,0.019607857,,0,20+,correct,FR,none
SYNTHETIC VALIDATION — NOT COMPETITION PERFORMANCE,E0000247,247,34,1.000001,1.000001,1.000001,0.12240163,1.0,2,2,2,2,0,0,0.0,0.8775993,2,20+,correct,JP,source2+source3
SYNTHETIC VALIDATION — NOT COMPETITION PERFORMANCE,E0000249,249,25,1.000001,0.35714376,1.000001,0.0013513601,1.0,2,1,1,2,0,1,0.6428572,0.9986496,1,20+,multi_under_selection,FR,source2+source3
SYNTHETIC VALIDATION — NOT COMPETITION PERFORMANCE,E0000254,254,24,1.000001,0.69230866,1.000001,0.0013513528,1.0,3,1,1,3,0,2,0.3076923,0.9986496,2,20+,multi_under_selection,IN,source3
SYNTHETIC VALIDATION — NOT COMPETITION PERFORMANCE,E0000256,256,39,1.000001,2.9499647e-10,1.000001,2.9499647e-10,1.0,1,1,1,1,0,0,1.000001,1.000001,1,20+,correct,US,source3
SYNTHETIC VALIDATION — NOT COMPETITION PERFORMANCE,E0000258,258,31,0.7222232,4.0058012e-11,0.7222232,4.0058012e-11,1.0,1,1,1,1,0,0,0.7222232,0.7222232,1,20+,correct,IN,source3
SYNTHETIC VALIDATION — NOT COMPETITION PERFORMANCE,E0000261,261,45,0.35714376,0.12068987,0.35714376,0.12068987,1.0,1,0,0,1,0,1,0.23645389,0.23645389,0,20+,decision_miss,DE,source3
SYNTHETIC VALIDATION — NOT COMPETITION PERFORMANCE,E0000263,263,42,0.8571439,0.0013513521,0.8571439,0.0013513521,1.0,1,1,1,1,0,0,0.8557925,0.8557925,1,20+,correct,IN,source2
SYNTHETIC VALIDATION — NOT COMPETITION PERFORMANCE,E0000266,266,36,1.000001,1.2266918e-10,1.000001,1.2266918e-10,1.0,1,1,1,1,0,0,1.000001,1.000001,1,20+,correct,BR,source2
SYNTHETIC VALIDATION — NOT COMPETITION PERFORMANCE,E0000275,275,33,6.327155e-11,2.5369803e-11,,6.327155e-11,,0,0,0,0,0,0,3.7901744e-11,,0,20+,correct,BR,none
SYNTHETIC VALIDATION — NOT COMPETITION PERFORMANCE,E0000282,282,12,6.709873e-11,2.4372103e-11,,6.709873e-11,,0,0,0,0,0,0,4.2726628e-11,,0,5-20,correct,FR,none
SYNTHETIC VALIDATION — NOT COMPETITION PERFORMANCE,E0000283,283,35,1.000001,1.2006417e-10,1.000001,1.2006417e-10,1.0,1,1,1,1,0,0,1.000001,1.000001,1,20+,correct,FR,source3
SYNTHETIC VALIDATION — NOT COMPETITION PERFORMANCE,E0000288,288,37,1.000001,8.501983e-11,1.000001,8.501983e-11,1.0,1,1,1,1,0,0,1.000001,1.000001,1,20+,correct,JP,source2
SYNTHETIC VALIDATION — NOT COMPETITION PERFORMANCE,E0000296,296,33,7.199149e-11,4.0761103e-11,,7.199149e-11,,0,0,0,0,0,0,3.1230386e-11,,0,20+,correct,US,none
SYNTHETIC VALIDATION — NOT COMPETITION PERFORMANCE,E0000298,298,40,0.0013513528,3.7109454e-11,,0.0013513528,,0,0,0,0,0,0,0.0013513528,,0,20+,correct,US,none
SYNTHETIC VALIDATION — NOT COMPETITION PERFORMANCE,E0000302,302,40,1.000001,1.4540609e-10,1.000001,1.4540609e-10,1.0,1,1,1,1,0,0,1.000001,1.000001,1,20+,correct,US,source2
SYNTHETIC VALIDATION — NOT COMPETITION PERFORMANCE,E0000307,307,28,0.85714394,0.35714358,0.85714394,0.35714358,1.0,1,1,1,1,0,0,0.50000036,0.50000036,1,20+,correct,FR,source3
SYNTHETIC VALIDATION — NOT COMPETITION PERFORMANCE,E0000312,312,39,0.001351352,3.501129e-10,,0.001351352,,0,0,0,0,0,0,0.0013513516,,0,20+,correct,DE,none
SYNTHETIC VALIDATION — NOT COMPETITION PERFORMANCE,E0000315,315,39,0.72222316,0.0013513521,0.72222316,0.0013513521,1.0,1,1,1,1,0,0,0.7208718,0.7208718,1,20+,correct,IN,source2
SYNTHETIC VALIDATION — NOT COMPETITION PERFORMANCE,E0000316,316,51,0.900001,0.120689794,0.900001,0.120689794,1.0,1,1,1,1,0,0,0.7793112,0.7793112,1,20+,correct,DE,source2
SYNTHETIC VALIDATION — NOT COMPETITION PERFORMANCE,E0000321,321,39,1.000001,0.0013513523,1.000001,0.0013513523,1.0,1,1,1,1,0,0,0.9986496,0.9986496,1,20+,correct,IN,source2
SYNTHETIC VALIDATION — NOT COMPETITION PERFORMANCE,E0000322,322,40,0.0013513535,0.0013513522,,0.0013513535,,0,0,0,0,0,0,1.2805685e-09,,0,20+,correct,US,none
SYNTHETIC VALIDATION — NOT COMPETITION PERFORMANCE,E0000324,324,27,1.000001,0.89771944,1.000001,0.12500031,1.0,3,2,2,3,0,1,0.10228151,0.87500066,2,20+,multi_under_selection,DE,source2
SYNTHETIC VALIDATION — NOT COMPETITION PERFORMANCE,E0000328,328,33,1.000001,2.0705618e-10,1.000001,2.0705618e-10,1.0,1,1,1,1,0,0,1.000001,1.000001,1,20+,correct,IN,source2
SYNTHETIC VALIDATION — NOT COMPETITION PERFORMANCE,E0000332,332,28,1.000001,1.0412847e-10,1.000001,1.0412847e-10,1.0,1,1,1,1,0,0,1.000001,1.000001,1,20+,correct,US,source3
SYNTHETIC VALIDATION — NOT COMPETITION PERFORMANCE,E0000337,337,40,1.000001,0.0013513522,1.000001,0.0013513522,1.0,1,1,1,1,0,0,0.9986496,0.9986496,1,20+,correct,US,source2
SYNTHETIC VALIDATION — NOT COMPETITION PERFORMANCE,E0000338,338,21,1.000001,0.8571439,1.000001,1.3716304e-10,1.0,3,3,3,3,0,0,0.14285707,1.000001,3,20+,correct,FR,source2+source3
SYNTHETIC VALIDATION — NOT COMPETITION PERFORMANCE,E0000344,344,39,1.000001,0.0013513542,1.000001,0.0013513542,1.0,1,1,1,1,0,0,0.9986496,0.9986496,1,20+,correct,JP,source2
SYNTHETIC VALIDATION — NOT COMPETITION PERFORMANCE,E0000345,345,59,1.000001,0.2758626,1.000001,0.2758626,1.0,1,1,1,1,0,0,0.7241384,0.7241384,1,20+,correct,US,source2
SYNTHETIC VALIDATION — NOT COMPETITION PERFORMANCE,E0000357,357,40,3.0819874e-10,4.613805e-11,,3.0819874e-10,,0,0,0,0,0,0,2.620607e-10,,0,20+,correct,US,none
SYNTHETIC VALIDATION — NOT COMPETITION PERFORMANCE,E0000358,358,27,0.8571439,8.422615e-11,0.8571439,8.422615e-11,1.0,1,1,1,1,0,0,0.8571439,0.8571439,1,20+,correct,US,source2
SYNTHETIC VALIDATION — NOT COMPETITION PERFORMANCE,E0000359,359,50,1.2357404e-10,7.8162116e-11,,1.2357404e-10,,0,0,0,0,0,0,4.5411924e-11,,0,20+,correct,US,none
SYNTHETIC VALIDATION — NOT COMPETITION PERFORMANCE,E0000370,370,40,1.1425749e-10,4.2123822e-11,,1.1425749e-10,,0,0,0,0,0,0,7.2133674e-11,,0,20+,correct,BR,none
SYNTHETIC VALIDATION — NOT COMPETITION PERFORMANCE,E0000375,375,58,0.019607855,0.0013513564,,0.019607855,,0,0,0,0,0,0,0.018256499,,0,20+,correct,US,none
SYNTHETIC VALIDATION — NOT COMPETITION PERFORMANCE,E0000399,399,40,2.2891461e-10,1.1203305e-10,,2.2891461e-10,,0,0,0,0,0,0,1.1688156e-10,,0,20+,correct,IN,none
SYNTHETIC VALIDATION — NOT COMPETITION PERFORMANCE,E0000402,402,28,1.000001,0.0013513523,1.000001,0.0013513523,1.0,1,1,1,1,0,0,0.9986496,0.9986496,1,20+,correct,US,source2
SYNTHETIC VALIDATION — NOT COMPETITION PERFORMANCE,E0000403,403,23,1.000001,0.7222232,1.000001,0.7222232,1.0,1,1,1,1,0,0,0.27777773,0.27777773,2,20+,correct,US,source3
SYNTHETIC VALIDATION — NOT COMPETITION PERFORMANCE,E0000405,405,38,1.000001,1.000001,1.000001,1.7581799e-10,1.0,2,2,2,2,0,0,0.0,1.000001,2,20+,correct,US,source2+source3
SYNTHETIC VALIDATION — NOT COMPETITION PERFORMANCE,E0000409,409,23,0.27586246,0.27586243,,0.27586246,,0,0,0,0,0,0,2.9802322e-08,,0,20+,correct,IN,none
SYNTHETIC VALIDATION — NOT COMPETITION PERFORMANCE,E0000415,415,51,2.378723e-10,9.9621644e-11,,2.378723e-10,,0,0,0,0,0,0,1.3825066e-10,,0,20+,correct,US,none
SYNTHETIC VALIDATION — NOT COMPETITION PERFORMANCE,E0000430,430,59,0.0013513584,0.0013513532,,0.0013513584,,0,0,0,1,0,1,5.122274e-09,,0,20+,retrieval_miss,US,source2
SYNTHETIC VALIDATION — NOT COMPETITION PERFORMANCE,E0000431,431,32,1.000001,1.8219169e-10,1.000001,1.8219169e-10,1.0,1,1,1,1,0,0,1.000001,1.000001,1,20+,correct,US,source2
SYNTHETIC VALIDATION — NOT COMPETITION PERFORMANCE,E0000433,433,39,1.000001,0.0013513528,1.000001,0.0013513528,1.0,1,1,1,1,0,0,0.9986496,0.9986496,1,20+,correct,US,source2
SYNTHETIC VALIDATION — NOT COMPETITION PERFORMANCE,E0000437,437,37,1.000001,1.000001,1.000001,0.0013513527,1.0,3,3,3,3,0,0,0.0,0.9986496,3,20+,correct,FR,source2+source3
SYNTHETIC VALIDATION — NOT COMPETITION PERFORMANCE,E0000442,442,39,1.000001,0.0013513551,1.000001,0.0013513551,1.0,1,1,1,1,0,0,0.9986496,0.9986496,1,20+,correct,FR,source2
SYNTHETIC VALIDATION — NOT COMPETITION PERFORMANCE,E0000449,449,36,1.000001,1.000001,1.000001,3.5964516e-11,1.0,3,3,3,3,0,0,0.0,1.000001,3,20+,correct,BR,source2+source3
SYNTHETIC VALIDATION — NOT COMPETITION PERFORMANCE,E0000450,450,37,1.000001,1.000001,1.000001,1.2733069e-10,1.0,4,4,4,4,0,0,0.0,1.000001,4,20+,correct,FR,source2+source3
SYNTHETIC VALIDATION — NOT COMPETITION PERFORMANCE,E0000455,455,23,0.0007342389,2.0344074e-10,,0.0007342389,,0,0,0,0,0,0,0.0007342387,,0,20+,correct,US,none
SYNTHETIC VALIDATION — NOT COMPETITION PERFORMANCE,E0000460,460,28,1.000001,1.4899126e-10,1.000001,1.4899126e-10,1.0,1,1,1,1,0,0,1.000001,1.000001,1,20+,correct,US,source3
SYNTHETIC VALIDATION — NOT COMPETITION PERFORMANCE,E0000475,475,30,0.0013513522,2.0023552e-10,,0.0013513522,,0,0,0,0,0,0,0.001351352,,0,20+,correct,US,none
SYNTHETIC VALIDATION — NOT COMPETITION PERFORMANCE,E0000481,481,51,1.000001,0.001351352,1.000001,0.001351352,1.0,1,1,1,1,0,0,0.9986496,0.9986496,1,20+,correct,JP,source2
SYNTHETIC VALIDATION — NOT COMPETITION PERFORMANCE,E0000487,487,40,1.000001,0.023809537,1.000001,0.023809537,1.0,1,1,1,1,0,0,0.9761914,0.9761914,1,20+,correct,US,source3
SYNTHETIC VALIDATION — NOT COMPETITION PERFORMANCE,E0000488,488,36,1.000001,3.2116346e-10,1.000001,3.2116346e-10,1.0,1,1,1,1,0,0,1.000001,1.000001,1,20+,correct,DE,source3
SYNTHETIC VALIDATION — NOT COMPETITION PERFORMANCE,E0000491,491,33,1.3213093e-10,8.642265e-11,,1.3213093e-10,,0,0,0,0,0,0,4.5708284e-11,,0,20+,correct,FR,none
SYNTHETIC VALIDATION — NOT COMPETITION PERFORMANCE,E0000495,495,32,1.000001,1.000001,1.000001,0.35714373,1.0,3,2,2,3,0,1,0.0,0.6428572,3,20+,multi_under_selection,BR,source2+source3
SYNTHETIC VALIDATION — NOT COMPETITION PERFORMANCE,E0000506,506,31,0.023809537,0.0013513518,,0.023809537,,0,0,0,0,0,0,0.022458185,,0,20+,correct,IN,none
SYNTHETIC VALIDATION — NOT COMPETITION PERFORMANCE,E0000507,507,29,0.85714394,7.015301e-11,,0.85714394,,0,1,0,0,1,0,0.85714394,,1,20+,no_match_false_positive,US,none
SYNTHETIC VALIDATION — NOT COMPETITION PERFORMANCE,E0000508,508,26,0.8571439,0.35714376,0.8571439,0.0013513528,1.0,2,1,1,2,0,1,0.5000001,0.8557925,1,20+,multi_under_selection,DE,source2
SYNTHETIC VALIDATION — NOT COMPETITION PERFORMANCE,E0000512,512,39,1.000001,0.001351353,1.000001,0.001351353,1.0,1,1,1,1,0,0,0.9986496,0.9986496,1,20+,correct,IN,source2
SYNTHETIC VALIDATION — NOT COMPETITION PERFORMANCE,E0000523,523,38,1.000001,1.000001,1.000001,1.6241775e-10,1.0,2,2,2,2,0,0,0.0,1.000001,2,20+,correct,US,source2
SYNTHETIC VALIDATION — NOT COMPETITION PERFORMANCE,E0000527,527,40,0.8571439,2.73256e-10,0.8571439,2.73256e-10,1.0,1,1,1,1,0,0,0.8571439,0.8571439,1,20+,correct,US,source2
SYNTHETIC VALIDATION — NOT COMPETITION PERFORMANCE,E0000532,532,41,1.000001,0.37500095,1.000001,0.37500095,1.0,1,1,1,1,0,0,0.625,0.625,1,20+,correct,IN,source3
SYNTHETIC VALIDATION — NOT COMPETITION PERFORMANCE,E0000533,533,27,1.000001,5.0974197e-11,1.000001,5.0974197e-11,1.0,1,1,1,1,0,0,1.000001,1.000001,1,20+,correct,DE,source2
SYNTHETIC VALIDATION — NOT COMPETITION PERFORMANCE,E0000535,535,38,1.000001,0.7222232,1.000001,0.7222232,1.0,1,1,1,1,0,0,0.27777773,0.27777773,2,20+,correct,US,source3
SYNTHETIC VALIDATION — NOT COMPETITION PERFORMANCE,E0000536,536,38,0.0013513523,1.8036818e-10,,0.0013513523,,0,0,0,0,0,0,0.0013513521,,0,20+,correct,JP,none
SYNTHETIC VALIDATION — NOT COMPETITION PERFORMANCE,E0000538,538,21,1.000001,1.000001,1.000001,3.2159994e-10,1.0,3,3,3,3,0,0,0.0,1.000001,3,20+,correct,FR,source2
SYNTHETIC VALIDATION — NOT COMPETITION PERFORMANCE,E0000551,551,30,1.000001,0.12500034,1.000001,0.12500034,1.0,1,1,1,1,0,0,0.8750006,0.8750006,1,20+,correct,BR,source2
SYNTHETIC VALIDATION — NOT COMPETITION PERFORMANCE,E0000553,553,45,1.000001,4.0097665e-11,1.000001,4.0097665e-11,1.0,1,1,1,1,0,0,1.000001,1.000001,1,20+,correct,DE,source2
SYNTHETIC VALIDATION — NOT COMPETITION PERFORMANCE,E0000555,555,42,1.000001,1.000001,1.000001,2.1897534e-10,1.0,4,4,4,4,0,0,0.0,1.000001,4,20+,correct,US,source2+source3
SYNTHETIC VALIDATION — NOT COMPETITION PERFORMANCE,E0000563,563,26,1.000001,1.000001,1.000001,1.1751441e-10,1.0,3,3,3,3,0,0,0.0,1.000001,3,20+,correct,US,source2
SYNTHETIC VALIDATION — NOT COMPETITION PERFORMANCE,E0000569,569,26,1.000001,3.6795414e-11,1.000001,3.6795414e-11,1.0,1,1,1,1,0,0,1.000001,1.000001,1,20+,correct,US,source3
SYNTHETIC VALIDATION — NOT COMPETITION PERFORMANCE,E0000571,571,30,1.000001,0.37500095,1.000001,1.8560833e-10,1.0,2,1,1,2,0,1,0.625,1.000001,1,20+,multi_under_selection,US,source2
SYNTHETIC VALIDATION — NOT COMPETITION PERFORMANCE,E0000575,575,37,1.000001,1.000001,1.000001,0.120689735,1.0,2,2,2,2,0,0,0.0,0.8793112,2,20+,correct,US,source3
SYNTHETIC VALIDATION — NOT COMPETITION PERFORMANCE,E0000576,576,40,2.8610353e-10,1.341158e-10,,2.8610353e-10,,0,0,0,0,0,0,1.5198773e-10,,0,20+,correct,US,none
SYNTHETIC VALIDATION — NOT COMPETITION PERFORMANCE,E0000579,579,40,0.0833334,3.3800174e-11,,0.0833334,,0,0,0,0,0,0,0.0833334,,0,20+,correct,US,none
SYNTHETIC VALIDATION — NOT COMPETITION PERFORMANCE,E0000589,589,56,0.083333366,0.019607853,,0.083333366,,0,0,0,0,0,0,0.063725516,,0,20+,correct,US,none
SYNTHETIC VALIDATION — NOT COMPETITION PERFORMANCE,E0000590,590,40,0.900001,2.4828214e-11,0.900001,2.4828214e-11,1.0,1,1,1,1,0,0,0.900001,0.900001,1,20+,correct,JP,source3
SYNTHETIC VALIDATION — NOT COMPETITION PERFORMANCE,E0000596,596,30,1.000001,0.083333366,1.000001,0.083333366,1.0,1,1,1,1,0,0,0.9166676,0.9166676,1,20+,correct,US,source3
SYNTHETIC VALIDATION — NOT COMPETITION PERFORMANCE,E0000612,612,31,1.000001,1.000001,1.000001,0.0013513541,1.0,2,2,2,2,0,0,0.0,0.9986496,2,20+,correct,BR,source2+source3
SYNTHETIC VALIDATION — NOT COMPETITION PERFORMANCE,E0000616,616,37,1.000001,1.000001,1.000001,0.12068986,1.0,2,2,2,2,0,0,0.0,0.8793111,2,20+,correct,US,source3
SYNTHETIC VALIDATION — NOT COMPETITION PERFORMANCE,E0000620,620,39,0.75002825,0.33333394,0.75002825,0.33333394,1.0,1,1,1,1,0,0,0.4166943,0.4166943,1,20+,correct,JP,source3
SYNTHETIC VALIDATION — NOT COMPETITION PERFORMANCE,E0000624,624,23,1.000001,1.9075752e-10,1.000001,1.9075752e-10,1.0,1,1,1,1,0,0,1.000001,1.000001,1,20+,correct,BR,source2
SYNTHETIC VALIDATION — NOT COMPETITION PERFORMANCE,E0000628,628,26,3.4170264e-10,2.570187e-10,,3.4170264e-10,,0,0,0,0,0,0,8.468393e-11,,0,20+,correct,FR,none
SYNTHETIC VALIDATION — NOT COMPETITION PERFORMANCE,E0000631,631,38,1.000001,1.000001,1.000001,0.023809541,1.0,3,3,3,4,0,1,0.0,0.9761914,3,20+,retrieval_miss,DE,source2+source3
SYNTHETIC VALIDATION — NOT COMPETITION PERFORMANCE,E0000637,637,49,0.37500095,0.001351352,,0.37500095,,0,0,0,0,0,0,0.3736496,,0,20+,correct,US,none
SYNTHETIC VALIDATION — NOT COMPETITION PERFORMANCE,E0000638,638,37,4.793726e-11,3.4654113e-11,,4.793726e-11,,0,0,0,0,0,0,1.3283145e-11,,0,20+,correct,FR,none
SYNTHETIC VALIDATION — NOT COMPETITION PERFORMANCE,E0000639,639,13,3.1343674e-11,2.1313487e-11,,3.1343674e-11,,0,0,0,0,0,0,1.0030187e-11,,0,5-20,correct,FR,none
SYNTHETIC VALIDATION — NOT COMPETITION PERFORMANCE,E0000642,642,40,1.000001,8.538537e-11,1.000001,8.538537e-11,1.0,1,1,1,1,0,0,1.000001,1.000001,1,20+,correct,US,source2
SYNTHETIC VALIDATION — NOT COMPETITION PERFORMANCE,E0000644,644,38,1.000001,1.000001,1.000001,0.0013513536,1.0,2,2,2,2,0,0,0.0,0.9986496,2,20+,correct,US,source2
SYNTHETIC VALIDATION — NOT COMPETITION PERFORMANCE,E0000646,646,41,0.37500095,0.12068973,0.37500095,0.12068973,1.0,1,0,0,1,0,1,0.25431123,0.25431123,0,20+,decision_miss,IN,source2
SYNTHETIC VALIDATION — NOT COMPETITION PERFORMANCE,E0000649,649,35,1.000001,1.8838303e-10,1.000001,1.8838303e-10,1.0,1,1,1,1,0,0,1.000001,1.000001,1,20+,correct,IN,source3
SYNTHETIC VALIDATION — NOT COMPETITION PERFORMANCE,E0000657,657,25,1.000001,2.7852626e-11,1.000001,2.7852626e-11,1.0,1,1,1,1,0,0,1.000001,1.000001,1,20+,correct,US,source3
SYNTHETIC VALIDATION — NOT COMPETITION PERFORMANCE,E0000658,658,30,3.418815e-11,1.9275337e-11,,3.418815e-11,,0,0,0,1,0,1,1.4912812e-11,,0,20+,retrieval_miss,FR,source2
SYNTHETIC VALIDATION — NOT COMPETITION PERFORMANCE,E0000661,661,20,1.000001,1.000001,1.000001,2.3088098e-10,1.0,3,3,3,3,0,0,0.0,1.000001,3,5-20,correct,BR,source2+source3
SYNTHETIC VALIDATION — NOT COMPETITION PERFORMANCE,E0000663,663,35,1.000001,1.000001,1.000001,0.0013513522,1.0,4,4,4,4,0,0,0.0,0.9986496,4,20+,correct,DE,source2+source3
SYNTHETIC VALIDATION — NOT COMPETITION PERFORMANCE,E0000664,664,24,1.000001,1.000001,1.000001,0.0013513518,1.0,3,3,3,3,0,0,0.0,0.9986496,3,20+,correct,US,source2+source3
SYNTHETIC VALIDATION — NOT COMPETITION PERFORMANCE,E0000684,684,27,5.7147967e-11,2.6386275e-11,,5.7147967e-11,,0,0,0,0,0,0,3.0761692e-11,,0,20+,correct,FR,none
SYNTHETIC VALIDATION — NOT COMPETITION PERFORMANCE,E0000688,688,42,0.083333395,0.0013513531,,0.083333395,,0,0,0,0,0,0,0.08198204,,0,20+,correct,IN,none
SYNTHETIC VALIDATION — NOT COMPETITION PERFORMANCE,E0000689,689,26,1.000001,1.000001,1.000001,9.718552e-11,1.0,4,4,4,4,0,0,0.0,1.000001,4,20+,correct,FR,source3
SYNTHETIC VALIDATION — NOT COMPETITION PERFORMANCE,E0000696,696,40,6.873659e-11,2.6086187e-11,,6.873659e-11,,0,0,0,0,0,0,4.2650404e-11,,0,20+,correct,IN,none
SYNTHETIC VALIDATION — NOT COMPETITION PERFORMANCE,E0000710,710,39,1.000001,0.37500095,1.000001,0.37500095,1.0,1,1,1,1,0,0,0.625,0.625,1,20+,correct,US,source2
SYNTHETIC VALIDATION — NOT COMPETITION PERFORMANCE,E0000736,736,32,0.0013513521,9.448481e-11,,0.0013513521,,0,0,0,0,0,0,0.001351352,,0,20+,correct,DE,none
SYNTHETIC VALIDATION — NOT COMPETITION PERFORMANCE,E0000738,738,39,1.000001,1.000001,1.000001,3.5010908e-10,1.0,2,2,2,2,0,0,0.0,1.000001,2,20+,correct,US,source2+source3
SYNTHETIC VALIDATION — NOT COMPETITION PERFORMANCE,E0000740,740,37,0.900001,0.023809547,0.900001,0.023809547,1.0,1,1,1,1,0,0,0.87619144,0.87619144,1,20+,correct,US,source2
SYNTHETIC VALIDATION — NOT COMPETITION PERFORMANCE,E0000743,743,44,1.000001,0.3571438,1.000001,0.3571438,1.0,1,1,1,1,0,0,0.6428572,0.6428572,1,20+,correct,US,source2
SYNTHETIC VALIDATION — NOT COMPETITION PERFORMANCE,E0000745,745,31,1.8802484e-11,1.27456795e-11,,1.8802484e-11,,0,0,0,0,0,0,6.0568044e-12,,0,20+,correct,US,none
SYNTHETIC VALIDATION — NOT COMPETITION PERFORMANCE,E0000752,752,27,1.000001,0.0013513527,1.000001,0.0013513527,1.0,1,1,1,2,0,1,0.9986496,0.9986496,1,20+,retrieval_miss,US,source2
SYNTHETIC VALIDATION — NOT COMPETITION PERFORMANCE,E0000768,768,32,1.000001,1.000001,1.000001,0.35714376,1.0,2,2,2,2,0,0,0.0,0.6428572,2,20+,correct,DE,source3
SYNTHETIC VALIDATION — NOT COMPETITION PERFORMANCE,E0000772,772,32,1.000001,0.001351352,1.000001,0.001351352,1.0,1,1,1,1,0,0,0.9986496,0.9986496,1,20+,correct,IN,source2
SYNTHETIC VALIDATION — NOT COMPETITION PERFORMANCE,E0000781,781,28,1.000001,6.444688e-11,1.000001,6.444688e-11,1.0,1,1,1,1,0,0,1.000001,1.000001,1,20+,correct,IN,source2
SYNTHETIC VALIDATION — NOT COMPETITION PERFORMANCE,E0000782,782,32,0.0013513537,3.7691364e-10,,0.0013513537,,0,0,0,0,0,0,0.0013513534,,0,20+,correct,FR,none
SYNTHETIC VALIDATION — NOT COMPETITION PERFORMANCE,E0000800,800,39,1.000001,0.0013513524,1.000001,0.0013513524,1.0,1,1,1,1,0,0,0.9986496,0.9986496,1,20+,correct,US,source3
SYNTHETIC VALIDATION — NOT COMPETITION PERFORMANCE,E0000801,801,44,1.000001,2.0022368e-10,1.000001,2.0022368e-10,1.0,1,1,1,1,0,0,1.000001,1.000001,1,20+,correct,JP,source3
SYNTHETIC VALIDATION — NOT COMPETITION PERFORMANCE,E0000807,807,55,0.12500034,3.162857e-10,,0.12500034,,0,0,0,0,0,0,0.12500034,,0,20+,correct,IN,none
SYNTHETIC VALIDATION — NOT COMPETITION PERFORMANCE,E0000809,809,39,0.023809543,2.4280383e-10,,0.023809543,,0,0,0,0,0,0,0.023809543,,0,20+,correct,FR,none
SYNTHETIC VALIDATION — NOT COMPETITION PERFORMANCE,E0000813,813,49,2.864503e-10,1.2111337e-10,,2.864503e-10,,0,0,0,0,0,0,1.6533694e-10,,0,20+,correct,IN,none
SYNTHETIC VALIDATION — NOT COMPETITION PERFORMANCE,E0000830,830,38,1.000001,1.000001,1.000001,6.6170076e-11,1.0,2,2,2,2,0,0,0.0,1.000001,2,20+,correct,US,source2+source3
SYNTHETIC VALIDATION — NOT COMPETITION PERFORMANCE,E0000844,844,39,1.000001,2.6793444e-11,1.000001,2.6793444e-11,1.0,1,1,1,1,0,0,1.000001,1.000001,1,20+,correct,US,source2
SYNTHETIC VALIDATION — NOT COMPETITION PERFORMANCE,E0000845,845,46,1.000001,1.000001,1.000001,0.12068978,1.0,4,3,3,4,0,1,0.0,0.8793112,3,20+,multi_under_selection,IN,source2+source3
SYNTHETIC VALIDATION — NOT COMPETITION PERFORMANCE,E0000849,849,39,1.000001,2.3118948e-10,1.000001,2.3118948e-10,1.0,1,1,1,1,0,0,1.000001,1.000001,1,20+,correct,US,source3
SYNTHETIC VALIDATION — NOT COMPETITION PERFORMANCE,E0000855,855,39,1.000001,5.0659126e-11,1.000001,5.0659126e-11,1.0,1,1,1,1,0,0,1.000001,1.000001,1,20+,correct,US,source2
SYNTHETIC VALIDATION — NOT COMPETITION PERFORMANCE,E0000859,859,25,1.000001,0.35714373,1.000001,0.35714373,1.0,1,1,1,1,0,0,0.6428572,0.6428572,1,20+,correct,US,source3
SYNTHETIC VALIDATION — NOT COMPETITION PERFORMANCE,E0000860,860,45,1.000001,0.02380954,1.000001,0.02380954,1.0,1,1,1,1,0,0,0.9761914,0.9761914,1,20+,correct,FR,source3
SYNTHETIC VALIDATION — NOT COMPETITION PERFORMANCE,E0000862,862,30,0.0013513522,2.9288752e-10,,0.0013513522,,0,0,0,1,0,1,0.0013513518,,0,20+,retrieval_miss,FR,source2
SYNTHETIC VALIDATION — NOT COMPETITION PERFORMANCE,E0000867,867,38,1.000001,1.000001,1.000001,2.6359137e-11,1.0,3,3,3,3,0,0,0.0,1.000001,3,20+,correct,IN,source2+source3
SYNTHETIC VALIDATION — NOT COMPETITION PERFORMANCE,E0000872,872,40,0.12068973,4.7874267e-11,,0.12068973,,0,0,0,0,0,0,0.12068973,,0,20+,correct,BR,none
SYNTHETIC VALIDATION — NOT COMPETITION PERFORMANCE,E0000879,879,45,0.8571439,0.33333394,0.8571439,0.33333394,1.0,1,1,1,1,0,0,0.5238099,0.5238099,1,20+,correct,JP,source2
SYNTHETIC VALIDATION — NOT COMPETITION PERFORMANCE,E0000880,880,26,0.0013513532,2.0430038e-11,,0.0013513532,,0,0,0,0,0,0,0.0013513532,,0,20+,correct,US,none
SYNTHETIC VALIDATION — NOT COMPETITION PERFORMANCE,E0000881,881,56,1.000001,0.019607853,1.000001,0.019607853,1.0,1,1,1,1,0,0,0.9803931,0.9803931,1,20+,correct,US,source3
SYNTHETIC VALIDATION — NOT COMPETITION PERFORMANCE,E0000897,897,36,0.8571439,0.0013513528,0.8571439,0.0013513528,1.0,1,1,1,1,0,0,0.8557925,0.8557925,1,20+,correct,BR,source2
SYNTHETIC VALIDATION — NOT COMPETITION PERFORMANCE,E0000902,902,33,1.000001,1.904433e-11,1.000001,1.904433e-11,1.0,1,1,1,1,0,0,1.000001,1.000001,1,20+,correct,US,source2
SYNTHETIC VALIDATION — NOT COMPETITION PERFORMANCE,E0000903,903,25,0.0013513527,2.6862737e-10,,0.0013513527,,0,0,0,0,0,0,0.0013513524,,0,20+,correct,BR,none
SYNTHETIC VALIDATION — NOT COMPETITION PERFORMANCE,E0000911,911,33,1.000001,7.715423e-11,1.000001,7.715423e-11,1.0,1,1,1,1,0,0,1.000001,1.000001,1,20+,correct,US,source3
SYNTHETIC VALIDATION — NOT COMPETITION PERFORMANCE,E0000913,913,26,1.000001,0.0013513598,1.000001,0.0013513598,1.0,1,1,1,1,0,0,0.9986496,0.9986496,1,20+,correct,FR,source3
SYNTHETIC VALIDATION — NOT COMPETITION PERFORMANCE,E0000914,914,32,1.000001,1.000001,1.000001,0.33333388,1.0,2,2,2,2,0,0,0.0,0.6666671,2,20+,correct,DE,source2
SYNTHETIC VALIDATION — NOT COMPETITION PERFORMANCE,E0000939,939,40,0.08333339,0.0013513549,,0.08333339,,0,0,0,0,0,0,0.08198203,,0,20+,correct,IN,none
SYNTHETIC VALIDATION — NOT COMPETITION PERFORMANCE,E0000947,947,37,0.0013513525,3.599493e-11,,0.0013513525,,0,0,0,0,0,0,0.0013513525,,0,20+,correct,IN,none
SYNTHETIC VALIDATION — NOT COMPETITION PERFORMANCE,E0000948,948,35,2.942456e-11,1.6457944e-11,,2.942456e-11,,0,0,0,0,0,0,1.2966616e-11,,0,20+,correct,DE,none
SYNTHETIC VALIDATION — NOT COMPETITION PERFORMANCE,E0000953,953,20,0.0013513534,0.0013513525,,0.0013513534,,0,0,0,1,0,1,8.1490725e-10,,0,5-20,retrieval_miss,US,source3
SYNTHETIC VALIDATION — NOT COMPETITION PERFORMANCE,E0000956,956,35,1.000001,0.0013513518,1.000001,0.0013513518,1.0,1,1,1,1,0,0,0.9986496,0.9986496,1,20+,correct,DE,source2
SYNTHETIC VALIDATION — NOT COMPETITION PERFORMANCE,E0000959,959,26,1.000001,4.306319e-11,1.000001,4.306319e-11,1.0,1,1,1,1,0,0,1.000001,1.000001,1,20+,correct,US,source2
SYNTHETIC VALIDATION — NOT COMPETITION PERFORMANCE,E0000961,961,41,1.000001,0.12068975,1.000001,0.12068975,1.0,1,1,1,1,0,0,0.8793112,0.8793112,1,20+,correct,IN,source3
SYNTHETIC VALIDATION — NOT COMPETITION PERFORMANCE,E0000962,962,31,0.27586254,0.0013513518,0.27586254,0.0013513518,1.0,1,0,0,1,0,1,0.2745112,0.2745112,0,20+,decision_miss,US,source2
SYNTHETIC VALIDATION — NOT COMPETITION PERFORMANCE,E0000965,965,33,1.000001,0.0013513579,1.000001,0.0013513579,1.0,1,1,1,1,0,0,0.9986496,0.9986496,1,20+,correct,US,source2
SYNTHETIC VALIDATION — NOT COMPETITION PERFORMANCE,E0000973,973,38,1.000001,1.000001,1.000001,1.215883e-10,1.0,2,2,2,2,0,0,0.0,1.000001,2,20+,correct,IN,source2+source3
SYNTHETIC VALIDATION — NOT COMPETITION PERFORMANCE,E0000980,980,42,1.000001,1.000001,1.000001,0.08333339,1.0,3,3,3,3,0,0,0.0,0.9166676,3,20+,correct,JP,source2+source3
SYNTHETIC VALIDATION — NOT COMPETITION PERFORMANCE,E0000988,988,33,1.000001,6.4837496e-11,1.000001,6.4837496e-11,1.0,1,1,1,1,0,0,1.000001,1.000001,1,20+,correct,US,source2
SYNTHETIC VALIDATION — NOT COMPETITION PERFORMANCE,E0000991,991,35,0.12500034,0.08333338,,0.12500034,,0,0,0,0,0,0,0.041666962,,0,20+,correct,JP,none
SYNTHETIC VALIDATION — NOT COMPETITION PERFORMANCE,E0000993,993,42,0.900001,2.2362028e-10,0.900001,2.2362028e-10,1.0,1,1,1,1,0,0,0.900001,0.900001,1,20+,correct,IN,source3
SYNTHETIC VALIDATION — NOT COMPETITION PERFORMANCE,E0001007,1007,33,1.000001,0.70000094,1.000001,0.70000094,1.0,1,1,1,1,0,0,0.3,0.3,2,20+,correct,US,source2
SYNTHETIC VALIDATION — NOT COMPETITION PERFORMANCE,E0001017,1017,40,0.0013513522,0.001351352,,0.0013513522,,0,0,0,0,0,0,2.3283064e-10,,0,20+,correct,US,none
SYNTHETIC VALIDATION — NOT COMPETITION PERFORMANCE,E0001029,1029,39,1.000001,0.019607853,1.000001,0.019607853,1.0,1,1,1,1,0,0,0.9803931,0.9803931,1,20+,correct,US,source3
SYNTHETIC VALIDATION — NOT COMPETITION PERFORMANCE,E0001030,1030,14,0.08333337,6.416345e-12,,0.08333337,,0,0,0,0,0,0,0.08333337,,0,5-20,correct,DE,none
SYNTHETIC VALIDATION — NOT COMPETITION PERFORMANCE,E0001041,1041,38,1.000001,1.000001,1.000001,6.7277496e-11,1.0,2,2,2,2,0,0,0.0,1.000001,2,20+,correct,US,source2
SYNTHETIC VALIDATION — NOT COMPETITION PERFORMANCE,E0001044,1044,13,6.5406576e-11,4.7987444e-11,,6.5406576e-11,,0,0,0,0,0,0,1.7419132e-11,,0,5-20,correct,FR,none
SYNTHETIC VALIDATION — NOT COMPETITION PERFORMANCE,E0001047,1047,40,0.0013513516,6.2856664e-11,,0.0013513516,,0,0,0,0,0,0,0.0013513515,,0,20+,correct,US,none
SYNTHETIC VALIDATION — NOT COMPETITION PERFORMANCE,E0001051,1051,42,2.5943656e-10,1.8983096e-10,,2.5943656e-10,,0,0,0,0,0,0,6.96056e-11,,0,20+,correct,BR,none
SYNTHETIC VALIDATION — NOT COMPETITION PERFORMANCE,E0001052,1052,22,8.584695e-11,6.158376e-11,,8.584695e-11,,0,0,0,0,0,0,2.4263189e-11,,0,20+,correct,BR,none
SYNTHETIC VALIDATION — NOT COMPETITION PERFORMANCE,E0001054,1054,28,1.953162e-11,1.4188626e-11,,1.953162e-11,,0,0,0,0,0,0,5.3429934e-12,,0,20+,correct,BR,none
SYNTHETIC VALIDATION — NOT COMPETITION PERFORMANCE,E0001056,1056,38,1.000001,1.000001,1.000001,0.875001,1.0,2,3,2,2,1,0,0.0,0.12499994,3,20+,over_selection,BR,source2+source3
SYNTHETIC VALIDATION — NOT COMPETITION PERFORMANCE,E0001061,1061,25,3.5755916e-11,2.859856e-11,,3.5755916e-11,,0,0,0,0,0,0,7.1573563e-12,,0,20+,correct,FR,none
SYNTHETIC VALIDATION — NOT COMPETITION PERFORMANCE,E0001065,1065,37,1.000001,2.76553e-11,1.000001,2.76553e-11,1.0,1,1,1,1,0,0,1.000001,1.000001,1,20+,correct,US,source2
SYNTHETIC VALIDATION — NOT COMPETITION PERFORMANCE,E0001072,1072,43,1.000001,1.000001,1.000001,0.0013513529,1.0,4,3,3,4,0,1,0.0,0.9986496,4,20+,multi_under_selection,BR,source2+source3
SYNTHETIC VALIDATION — NOT COMPETITION PERFORMANCE,E0001081,1081,45,1.000001,1.0782064e-10,1.000001,1.0782064e-10,1.0,1,1,1,1,0,0,1.000001,1.000001,1,20+,correct,US,source2
SYNTHETIC VALIDATION — NOT COMPETITION PERFORMANCE,E0001087,1087,30,1.000001,1.6745184e-10,1.000001,1.6745184e-10,1.0,1,1,1,1,0,0,1.000001,1.000001,1,20+,correct,FR,source3
SYNTHETIC VALIDATION — NOT COMPETITION PERFORMANCE,E0001099,1099,39,1.000001,0.0013513535,1.000001,0.0013513535,1.0,1,1,1,1,0,0,0.9986496,0.9986496,1,20+,correct,US,source2
SYNTHETIC VALIDATION — NOT COMPETITION PERFORMANCE,E0001102,1102,42,0.85714394,0.0013513518,0.85714394,0.0013513518,1.0,1,1,1,1,0,0,0.8557926,0.8557926,1,20+,correct,JP,source2
SYNTHETIC VALIDATION — NOT COMPETITION PERFORMANCE,E0001103,1103,39,0.900001,0.35714367,0.900001,0.35714367,1.0,1,1,1,1,0,0,0.5428573,0.5428573,1,20+,correct,US,source3
SYNTHETIC VALIDATION — NOT COMPETITION PERFORMANCE,E0001110,1110,38,0.3571438,0.0013513529,0.3571438,0.0013513529,1.0,1,0,0,1,0,1,0.35579243,0.35579243,0,20+,decision_miss,US,source2
SYNTHETIC VALIDATION — NOT COMPETITION PERFORMANCE,E0001111,1111,35,1.000001,5.295509e-11,1.000001,5.295509e-11,1.0,1,1,1,1,0,0,1.000001,1.000001,1,20+,correct,BR,source2
SYNTHETIC VALIDATION — NOT COMPETITION PERFORMANCE,E0001122,1122,22,0.35714376,0.35714367,0.35714376,0.35714367,1.0,1,0,0,1,0,1,8.940697e-08,8.940697e-08,0,20+,decision_miss,US,source3
SYNTHETIC VALIDATION — NOT COMPETITION PERFORMANCE,E0001145,1145,39,1.000001,0.001351352,1.000001,0.001351352,1.0,1,1,1,1,0,0,0.9986496,0.9986496,1,20+,correct,DE,source3
SYNTHETIC VALIDATION — NOT COMPETITION PERFORMANCE,E0001147,1147,45,1.000001,1.000001,1.000001,9.234986e-11,1.0,4,3,3,4,0,1,0.0,1.000001,4,20+,multi_under_selection,US,source2+source3
SYNTHETIC VALIDATION — NOT COMPETITION PERFORMANCE,E0001150,1150,49,0.35714376,1.9605995e-10,0.35714376,1.9605995e-10,1.0,1,0,0,1,0,1,0.35714376,0.35714376,0,20+,decision_miss,US,source3
SYNTHETIC VALIDATION — NOT COMPETITION PERFORMANCE,E0001159,1159,38,1.000001,0.70000094,1.000001,0.70000094,1.0,1,1,1,1,0,0,0.3,0.3,2,20+,correct,IN,source3
SYNTHETIC VALIDATION — NOT COMPETITION PERFORMANCE,E0001182,1182,29,0.0013513563,1.1065573e-10,,0.0013513563,,0,0,0,0,0,0,0.0013513562,,0,20+,correct,US,none
SYNTHETIC VALIDATION — NOT COMPETITION PERFORMANCE,E0001184,1184,34,1.000001,1.000001,1.000001,1.03216415e-10,1.0,4,4,4,4,0,0,0.0,1.000001,4,20+,correct,US,source2+source3
SYNTHETIC VALIDATION — NOT COMPETITION PERFORMANCE,E0001188,1188,39,1.000001,1.000001,1.000001,3.171542e-11,1.0,2,2,2,2,0,0,0.0,1.000001,2,20+,correct,BR,source2+source3
SYNTHETIC VALIDATION — NOT COMPETITION PERFORMANCE,E0001194,1194,39,1.000001,1.09815e-10,1.000001,1.09815e-10,1.0,1,1,1,1,0,0,1.000001,1.000001,1,20+,correct,DE,source2
SYNTHETIC VALIDATION — NOT COMPETITION PERFORMANCE,E0001197,1197,42,1.000001,3.3720388e-10,1.000001,3.3720388e-10,1.0,1,1,1,1,0,0,1.000001,1.000001,1,20+,correct,US,source2
SYNTHETIC VALIDATION — NOT COMPETITION PERFORMANCE,E0001199,1199,49,1.3705079e-10,7.8039075e-11,,1.3705079e-10,,0,0,0,0,0,0,5.901171e-11,,0,20+,correct,IN,none
SYNTHETIC VALIDATION — NOT COMPETITION PERFORMANCE,E0001209,1209,49,0.8571438,0.0013513548,0.8571438,0.0013513548,1.0,1,1,1,1,0,0,0.85579246,0.85579246,1,20+,correct,JP,source2
SYNTHETIC VALIDATION — NOT COMPETITION PERFORMANCE,E0001210,1210,49,0.0833334,0.08333338,,0.0833334,,0,0,0,0,0,0,2.2351742e-08,,0,20+,correct,BR,none
SYNTHETIC VALIDATION — NOT COMPETITION PERFORMANCE,E0001215,1215,51,0.900001,0.0013513551,0.900001,0.0013513551,1.0,1,1,1,1,0,0,0.89864963,0.89864963,1,20+,correct,FR,source3
SYNTHETIC VALIDATION — NOT COMPETITION PERFORMANCE,E0001217,1217,45,1.000001,1.000001,1.000001,0.0013513521,1.0,4,3,3,4,0,1,0.0,0.9986496,3,20+,multi_under_selection,US,source2+source3
SYNTHETIC VALIDATION — NOT COMPETITION PERFORMANCE,E0001219,1219,44,0.0013513531,0.0013513522,,0.0013513531,,0,0,0,0,0,0,9.313226e-10,,0,20+,correct,US,none
SYNTHETIC VALIDATION — NOT COMPETITION PERFORMANCE,E0001227,1227,41,1.000001,1.8023004e-10,1.000001,1.8023004e-10,1.0,1,1,1,1,0,0,1.000001,1.000001,1,20+,correct,US,source3
SYNTHETIC VALIDATION — NOT COMPETITION PERFORMANCE,E0001228,1228,25,1.000001,1.000001,1.000001,1.7637374e-10,1.0,2,2,2,2,0,0,0.0,1.000001,2,20+,correct,BR,source2
SYNTHETIC VALIDATION — NOT COMPETITION PERFORMANCE,E0001234,1234,45,1.000001,1.000001,1.000001,0.120689765,1.0,3,3,3,3,0,0,0.0,0.8793112,3,20+,correct,US,source2+source3
SYNTHETIC VALIDATION — NOT COMPETITION PERFORMANCE,E0001241,1241,59,1.000001,0.0013513584,1.000001,0.0013513584,1.0,1,1,1,1,0,0,0.9986496,0.9986496,1,20+,correct,US,source2
SYNTHETIC VALIDATION — NOT COMPETITION PERFORMANCE,E0001246,1246,39,1.000001,1.5340375e-10,1.000001,1.5340375e-10,1.0,1,1,1,1,0,0,1.000001,1.000001,1,20+,correct,US,source3
SYNTHETIC VALIDATION — NOT COMPETITION PERFORMANCE,E0001255,1255,25,1.000001,1.8574296e-10,1.000001,1.8574296e-10,1.0,1,1,1,1,0,0,1.000001,1.000001,1,20+,correct,DE,source2
SYNTHETIC VALIDATION — NOT COMPETITION PERFORMANCE,E0001260,1260,40,0.0013513522,5.0612677e-11,,0.0013513522,,0,0,0,0,0,0,0.0013513522,,0,20+,correct,JP,none
SYNTHETIC VALIDATION — NOT COMPETITION PERFORMANCE,E0001261,1261,45,1.000001,0.12068981,1.000001,0.12068981,1.0,1,1,1,1,0,0,0.87931114,0.87931114,1,20+,correct,DE,source3
SYNTHETIC VALIDATION — NOT COMPETITION PERFORMANCE,E0001264,1264,43,1.000001,0.35714373,1.000001,0.35714373,1.0,2,1,1,2,0,1,0.6428572,0.6428572,1,20+,multi_under_selection,US,source3
SYNTHETIC VALIDATION — NOT COMPETITION PERFORMANCE,E0001271,1271,36,1.000001,0.35714346,1.000001,0.35714346,1.0,1,1,1,1,0,0,0.6428575,0.6428575,1,20+,correct,FR,source2
SYNTHETIC VALIDATION — NOT COMPETITION PERFORMANCE,E0001281,1281,43,1.3885526e-10,6.059168e-11,,1.3885526e-10,,0,0,0,0,0,0,7.826358e-11,,0,20+,correct,BR,none
SYNTHETIC VALIDATION — NOT COMPETITION PERFORMANCE,E0001283,1283,28,0.0013513577,5.6263383e-11,,0.0013513577,,0,0,0,0,0,0,0.0013513577,,0,20+,correct,US,none
SYNTHETIC VALIDATION — NOT COMPETITION PERFORMANCE,E0001284,1284,38,0.8571439,4.698395e-11,0.8571439,4.698395e-11,1.0,1,1,1,1,0,0,0.8571439,0.8571439,1,20+,correct,FR,source2
SYNTHETIC VALIDATION — NOT COMPETITION PERFORMANCE,E0001287,1287,39,1.000001,0.0013513529,1.000001,0.0013513529,1.0,1,1,1,1,0,0,0.9986496,0.9986496,1,20+,correct,IN,source2
SYNTHETIC VALIDATION — NOT COMPETITION PERFORMANCE,E0001289,1289,57,0.700001,0.019607855,0.700001,0.019607855,1.0,1,1,1,1,0,0,0.68039316,0.68039316,1,20+,correct,US,source3
SYNTHETIC VALIDATION — NOT COMPETITION PERFORMANCE,E0001292,1292,38,1.000001,0.900001,1.000001,0.0013513534,1.0,2,2,2,2,0,0,0.099999964,0.9986496,2,20+,correct,US,source2+source3
SYNTHETIC VALIDATION — NOT COMPETITION PERFORMANCE,E0001301,1301,27,1.000001,0.0013513542,1.000001,0.0013513542,1.0,1,1,1,1,0,0,0.9986496,0.9986496,1,20+,correct,DE,source2
SYNTHETIC VALIDATION — NOT COMPETITION PERFORMANCE,E0001316,1316,40,0.900001,0.0013513559,0.900001,0.0013513559,1.0,1,1,1,1,0,0,0.89864963,0.89864963,1,20+,correct,US,source2
SYNTHETIC VALIDATION — NOT COMPETITION PERFORMANCE,E0001317,1317,21,2.4179136e-10,6.6343715e-11,,2.4179136e-10,,0,0,0,0,0,0,1.7544766e-10,,0,20+,correct,IN,none
SYNTHETIC VALIDATION — NOT COMPETITION PERFORMANCE,E0001318,1318,48,0.0013513522,1.5461694e-10,,0.0013513522,,0,0,0,0,0,0,0.0013513521,,0,20+,correct,IN,none
SYNTHETIC VALIDATION — NOT COMPETITION PERFORMANCE,E0001319,1319,37,1.000001,1.000001,1.000001,0.8571439,1.0,3,4,3,3,1,0,0.0,0.14285707,4,20+,over_selection,FR,source2
SYNTHETIC VALIDATION — NOT COMPETITION PERFORMANCE,E0001323,1323,38,0.7222232,0.0013513543,0.7222232,0.0013513543,1.0,1,1,1,1,0,0,0.72087187,0.72087187,1,20+,correct,BR,source2
SYNTHETIC VALIDATION — NOT COMPETITION PERFORMANCE,E0001329,1329,36,0.69230866,1.3101051e-10,0.69230866,1.3101051e-10,1.0,1,1,1,1,0,0,0.69230866,0.69230866,1,20+,correct,BR,source2
SYNTHETIC VALIDATION — NOT COMPETITION PERFORMANCE,E0001337,1337,42,1.000001,0.12068991,1.000001,0.0013513523,1.0,2,1,1,2,0,1,0.879311,0.9986496,1,20+,multi_under_selection,US,source3
SYNTHETIC VALIDATION — NOT COMPETITION PERFORMANCE,E0001345,1345,30,0.0013513518,4.222888e-11,,0.0013513518,,0,0,0,0,0,0,0.0013513518,,0,20+,correct,US,none
SYNTHETIC VALIDATION — NOT COMPETITION PERFORMANCE,E0001348,1348,40,0.0013513518,1.1500735e-10,,0.0013513518,,0,0,0,0,0,0,0.0013513517,,0,20+,correct,US,none
SYNTHETIC VALIDATION — NOT COMPETITION PERFORMANCE,E0001349,1349,25,0.120689906,0.0013513521,0.120689906,0.0013513521,1.0,1,0,0,1,0,1,0.11933856,0.11933856,0,20+,decision_miss,IN,source3
SYNTHETIC VALIDATION — NOT COMPETITION PERFORMANCE,E0001350,1350,39,1.000001,0.08333339,1.000001,0.08333339,1.0,1,1,1,1,0,0,0.9166676,0.9166676,1,20+,correct,BR,source3
SYNTHETIC VALIDATION — NOT COMPETITION PERFORMANCE,E0001353,1353,25,1.000001,4.0322693e-11,1.000001,4.0322693e-11,1.0,1,1,1,1,0,0,1.000001,1.000001,1,20+,correct,US,source2
SYNTHETIC VALIDATION — NOT COMPETITION PERFORMANCE,E0001356,1356,34,1.000001,1.000001,1.000001,0.3571437,1.0,2,2,2,2,0,0,0.0,0.64285725,2,20+,correct,IN,source3
SYNTHETIC VALIDATION — NOT COMPETITION PERFORMANCE,E0001367,1367,51,0.0013513601,0.0013513584,,0.0013513601,,0,0,0,0,0,0,1.7462298e-09,,0,20+,correct,US,none
SYNTHETIC VALIDATION — NOT COMPETITION PERFORMANCE,E0001370,1370,16,0.0013513517,4.4098506e-11,,0.0013513517,,0,0,0,0,0,0,0.0013513517,,0,5-20,correct,DE,none
SYNTHETIC VALIDATION — NOT COMPETITION PERFORMANCE,E0001372,1372,27,1.000001,0.0013513523,1.000001,0.0013513523,1.0,1,1,1,1,0,0,0.9986496,0.9986496,1,20+,correct,BR,source2
SYNTHETIC VALIDATION — NOT COMPETITION PERFORMANCE,E0001385,1385,25,0.0013513518,8.776485e-11,,0.0013513518,,0,0,0,0,0,0,0.0013513517,,0,20+,correct,BR,none
SYNTHETIC VALIDATION — NOT COMPETITION PERFORMANCE,E0001386,1386,19,0.8571439,1.6019387e-10,0.8571439,1.6019387e-10,1.0,1,1,1,1,0,0,0.8571439,0.8571439,1,5-20,correct,FR,source3
SYNTHETIC VALIDATION — NOT COMPETITION PERFORMANCE,E0001390,1390,41,4.0130878e-11,2.3010168e-11,,4.0130878e-11,,0,0,0,0,0,0,1.712071e-11,,0,20+,correct,IN,none
SYNTHETIC VALIDATION — NOT COMPETITION PERFORMANCE,E0001436,1436,40,0.12068983,9.572911e-11,,0.12068983,,0,0,0,1,0,1,0.12068983,,0,20+,retrieval_miss,US,source2
SYNTHETIC VALIDATION — NOT COMPETITION PERFORMANCE,E0001440,1440,32,0.8571438,1.063709e-10,0.8571438,1.063709e-10,1.0,1,1,1,1,0,0,0.8571438,0.8571438,1,20+,correct,BR,source3
SYNTHETIC VALIDATION — NOT COMPETITION PERFORMANCE,E0001442,1442,40,0.083333366,0.0013513596,,0.083333366,,0,0,0,0,0,0,0.08198201,,0,20+,correct,FR,none
SYNTHETIC VALIDATION — NOT COMPETITION PERFORMANCE,E0001445,1445,39,1.000001,0.0013513532,1.000001,0.0013513532,1.0,1,1,1,1,0,0,0.9986496,0.9986496,1,20+,correct,US,source2
SYNTHETIC VALIDATION — NOT COMPETITION PERFORMANCE,E0001447,1447,29,0.8571438,0.0833334,0.8571438,0.0833334,1.0,1,1,1,1,0,0,0.7738104,0.7738104,1,20+,correct,FR,source3
SYNTHETIC VALIDATION — NOT COMPETITION PERFORMANCE,E0001448,1448,27,0.120689735,0.0013513534,,0.120689735,,0,0,0,0,0,0,0.11933838,,0,20+,correct,JP,none
SYNTHETIC VALIDATION — NOT COMPETITION PERFORMANCE,E0001453,1453,39,1.000001,0.001351353,1.000001,0.001351353,1.0,1,1,1,1,0,0,0.9986496,0.9986496,1,20+,correct,US,source2
SYNTHETIC VALIDATION — NOT COMPETITION PERFORMANCE,E0001454,1454,28,0.0013513531,1.1091273e-11,,0.0013513531,,0,0,0,0,0,0,0.0013513531,,0,20+,correct,JP,none
SYNTHETIC VALIDATION — NOT COMPETITION PERFORMANCE,E0001455,1455,39,1.000001,0.0013513527,1.000001,0.0013513527,1.0,1,1,1,1,0,0,0.9986496,0.9986496,1,20+,correct,US,source2
SYNTHETIC VALIDATION — NOT COMPETITION PERFORMANCE,E0001459,1459,41,9.079867e-11,2.443545e-11,,9.079867e-11,,0,0,0,0,0,0,6.636322e-11,,0,20+,correct,US,none
SYNTHETIC VALIDATION — NOT COMPETITION PERFORMANCE,E0001462,1462,23,1.000001,1.000001,1.000001,2.1220176e-10,1.0,3,3,3,3,0,0,0.0,1.000001,3,20+,correct,JP,source2+source3
SYNTHETIC VALIDATION — NOT COMPETITION PERFORMANCE,E0001467,1467,45,0.35714376,0.0013513538,,0.35714376,,0,0,0,0,0,0,0.3557924,,0,20+,correct,US,none
SYNTHETIC VALIDATION — NOT COMPETITION PERFORMANCE,E0001485,1485,36,1.000001,1.000001,1.000001,1.9270861e-10,1.0,2,2,2,2,0,0,0.0,1.000001,2,20+,correct,IN,source2+source3
SYNTHETIC VALIDATION — NOT COMPETITION PERFORMANCE,E0001486,1486,34,1.000001,1.14377625e-10,1.000001,1.14377625e-10,1.0,1,1,1,1,0,0,1.000001,1.000001,1,20+,correct,DE,source3
SYNTHETIC VALIDATION — NOT COMPETITION PERFORMANCE,E0001487,1487,49,1.000001,0.001351352,1.000001,0.001351352,1.0,1,1,1,1,0,0,0.9986496,0.9986496,1,20+,correct,DE,source3
SYNTHETIC VALIDATION — NOT COMPETITION PERFORMANCE,E0001495,1495,22,0.001351352,1.2264346e-11,,0.001351352,,0,0,0,0,0,0,0.001351352,,0,20+,correct,US,none
SYNTHETIC VALIDATION — NOT COMPETITION PERFORMANCE,E0001498,1498,40,1.5476542e-10,1.4271836e-10,,1.5476542e-10,,0,0,0,0,0,0,1.2047058e-11,,0,20+,correct,US,none
SYNTHETIC VALIDATION — NOT COMPETITION PERFORMANCE,E0001519,1519,36,1.000001,1.000001,1.000001,3.98061e-11,1.0,4,4,4,4,0,0,0.0,1.000001,4,20+,correct,US,source2+source3
SYNTHETIC VALIDATION — NOT COMPETITION PERFORMANCE,E0001520,1520,27,1.000001,0.08333337,1.000001,0.08333337,1.0,1,1,1,1,0,0,0.9166676,0.9166676,1,20+,correct,FR,source3
SYNTHETIC VALIDATION — NOT COMPETITION PERFORMANCE,E0001524,1524,39,1.000001,2.784196e-10,1.000001,2.784196e-10,1.0,1,1,1,1,0,0,1.000001,1.000001,1,20+,correct,US,source2
SYNTHETIC VALIDATION — NOT COMPETITION PERFORMANCE,E0001526,1526,46,0.001351352,1.2102994e-10,,0.001351352,,0,0,0,0,0,0,0.0013513518,,0,20+,correct,US,none
SYNTHETIC VALIDATION — NOT COMPETITION PERFORMANCE,E0001528,1528,38,1.000001,0.0013513522,1.000001,0.0013513522,1.0,1,1,1,1,0,0,0.9986496,0.9986496,1,20+,correct,US,source2
SYNTHETIC VALIDATION — NOT COMPETITION PERFORMANCE,E0001549,1549,34,1.000001,3.3097112e-11,1.000001,3.3097112e-11,1.0,1,1,1,1,0,0,1.000001,1.000001,1,20+,correct,DE,source3
SYNTHETIC VALIDATION — NOT COMPETITION PERFORMANCE,E0001550,1550,25,1.000001,7.016521e-11,1.000001,7.016521e-11,1.0,1,1,1,1,0,0,1.000001,1.000001,1,20+,correct,US,source3
SYNTHETIC VALIDATION — NOT COMPETITION PERFORMANCE,E0001568,1568,45,0.6949346,0.12068982,0.6949346,0.12068982,1.0,1,1,1,1,0,0,0.5742448,0.5742448,1,20+,correct,JP,source2
SYNTHETIC VALIDATION — NOT COMPETITION PERFORMANCE,E0001569,1569,19,1.000001,0.27586254,1.000001,0.27586254,1.0,1,1,1,1,0,0,0.7241384,0.7241384,1,5-20,correct,US,source3
SYNTHETIC VALIDATION — NOT COMPETITION PERFORMANCE,E0001574,1574,37,1.000001,1.000001,1.000001,0.0013513521,1.0,3,3,3,3,0,0,0.0,0.9986496,3,20+,correct,US,source2+source3
SYNTHETIC VALIDATION — NOT COMPETITION PERFORMANCE,E0001577,1577,40,1.000001,0.0013513527,1.000001,0.0013513527,1.0,1,1,1,1,0,0,0.9986496,0.9986496,1,20+,correct,BR,source3
SYNTHETIC VALIDATION — NOT COMPETITION PERFORMANCE,E0001580,1580,40,0.0013513518,2.8070475e-11,,0.0013513518,,0,0,0,0,0,0,0.0013513518,,0,20+,correct,US,none
SYNTHETIC VALIDATION — NOT COMPETITION PERFORMANCE,E0001583,1583,31,1.5749353e-10,4.151141e-11,,1.5749353e-10,,0,0,0,0,0,0,1.1598213e-10,,0,20+,correct,US,none
SYNTHETIC VALIDATION — NOT COMPETITION PERFORMANCE,E0001587,1587,22,1.000001,2.3737456e-10,1.000001,2.3737456e-10,1.0,1,1,1,1,0,0,1.000001,1.000001,1,20+,correct,BR,source3
SYNTHETIC VALIDATION — NOT COMPETITION PERFORMANCE,E0001588,1588,21,0.27586246,0.0013513522,,0.27586246,,0,0,0,0,0,0,0.2745111,,0,20+,correct,FR,none
SYNTHETIC VALIDATION — NOT COMPETITION PERFORMANCE,E0001589,1589,43,0.120689854,0.023809543,,0.120689854,,0,0,0,0,0,0,0.09688031,,0,20+,correct,US,none
SYNTHETIC VALIDATION — NOT COMPETITION PERFORMANCE,E0001600,1600,34,1.000001,0.35714373,1.000001,0.35714373,1.0,1,1,1,1,0,0,0.6428572,0.6428572,1,20+,correct,US,source3
SYNTHETIC VALIDATION — NOT COMPETITION PERFORMANCE,E0001610,1610,20,1.000001,0.69230866,1.000001,0.35714367,1.0,2,1,1,2,0,1,0.3076923,0.6428573,2,5-20,multi_under_selection,BR,source2+source3
SYNTHETIC VALIDATION — NOT COMPETITION PERFORMANCE,E0001621,1621,58,0.019607855,0.0013513564,,0.019607855,,0,0,0,0,0,0,0.018256499,,0,20+,correct,US,none
SYNTHETIC VALIDATION — NOT COMPETITION PERFORMANCE,E0001629,1629,57,1.000001,0.12068986,1.000001,0.12068986,1.0,1,1,1,1,0,0,0.8793111,0.8793111,1,20+,correct,US,source3
SYNTHETIC VALIDATION — NOT COMPETITION PERFORMANCE,E0001630,1630,13,1.000001,1.00008665e-11,1.000001,1.00008665e-11,1.0,1,1,1,1,0,0,1.000001,1.000001,1,5-20,correct,BR,source2
SYNTHETIC VALIDATION — NOT COMPETITION PERFORMANCE,E0001636,1636,35,1.000001,1.000001,1.000001,0.12068976,1.0,2,2,2,2,0,0,0.0,0.8793112,2,20+,correct,FR,source2+source3
SYNTHETIC VALIDATION — NOT COMPETITION PERFORMANCE,E0001640,1640,27,9.444395e-11,6.623628e-11,,9.444395e-11,,0,0,0,0,0,0,2.8207672e-11,,0,20+,correct,US,none
SYNTHETIC VALIDATION — NOT COMPETITION PERFORMANCE,E0001644,1644,36,0.875001,1.0471271e-10,0.875001,1.0471271e-10,1.0,1,1,1,1,0,0,0.875001,0.875001,1,20+,correct,DE,source3
SYNTHETIC VALIDATION — NOT COMPETITION PERFORMANCE,E0001646,1646,23,1.000001,9.005111e-11,1.000001,9.005111e-11,1.0,1,1,1,1,0,0,1.000001,1.000001,1,20+,correct,FR,source3
SYNTHETIC VALIDATION — NOT COMPETITION PERFORMANCE,E0001651,1651,39,1.000001,3.524501e-10,1.000001,3.524501e-10,1.0,1,1,1,1,0,0,1.000001,1.000001,1,20+,correct,US,source2
SYNTHETIC VALIDATION — NOT COMPETITION PERFORMANCE,E0001655,1655,41,6.0654384e-11,2.5230916e-11,,6.0654384e-11,,0,0,0,0,0,0,3.542347e-11,,0,20+,correct,DE,none
SYNTHETIC VALIDATION — NOT COMPETITION PERFORMANCE,E0001665,1665,34,1.000001,2.9924466e-10,1.000001,2.9924466e-10,1.0,1,1,1,1,0,0,1.000001,1.000001,1,20+,correct,FR,source3
SYNTHETIC VALIDATION — NOT COMPETITION PERFORMANCE,E0001668,1668,30,0.875001,0.3571438,0.875001,0.001351352,1.0,2,1,1,2,0,1,0.5178572,0.87364966,1,20+,multi_under_selection,IN,source2
SYNTHETIC VALIDATION — NOT COMPETITION PERFORMANCE,E0001670,1670,40,4.7327645e-11,4.3082624e-11,,4.7327645e-11,,0,0,0,0,0,0,4.245021e-12,,0,20+,correct,IN,none
SYNTHETIC VALIDATION — NOT COMPETITION PERFORMANCE,E0001690,1690,40,0.8571439,0.0013513527,0.8571439,0.0013513527,1.0,1,1,1,1,0,0,0.8557925,0.8557925,1,20+,correct,IN,source2
SYNTHETIC VALIDATION — NOT COMPETITION PERFORMANCE,E0001696,1696,43,0.3333339,0.08333337,,0.3333339,,0,0,0,0,0,0,0.25000054,,0,20+,correct,US,none
SYNTHETIC VALIDATION — NOT COMPETITION PERFORMANCE,E0001699,1699,36,0.023809545,1.8143803e-10,,0.023809545,,0,0,0,0,0,0,0.023809545,,0,20+,correct,JP,none
SYNTHETIC VALIDATION — NOT COMPETITION PERFORMANCE,E0001705,1705,17,1.000001,9.6615e-11,1.000001,9.6615e-11,1.0,1,1,1,1,0,0,1.000001,1.000001,1,5-20,correct,DE,source2
SYNTHETIC VALIDATION — NOT COMPETITION PERFORMANCE,E0001707,1707,37,1.000001,2.6264735e-10,1.000001,2.6264735e-10,1.0,1,1,1,1,0,0,1.000001,1.000001,1,20+,correct,IN,source2
SYNTHETIC VALIDATION — NOT COMPETITION PERFORMANCE,E0001709,1709,45,1.000001,2.1808753e-10,1.000001,2.1808753e-10,1.0,1,1,1,1,0,0,1.000001,1.000001,1,20+,correct,US,source2
SYNTHETIC VALIDATION — NOT COMPETITION PERFORMANCE,E0001714,1714,23,1.000001,1.2324852e-10,1.000001,1.2324852e-10,1.0,1,1,1,1,0,0,1.000001,1.000001,1,20+,correct,BR,source2
SYNTHETIC VALIDATION — NOT COMPETITION PERFORMANCE,E0001716,1716,37,1.000001,1.000001,1.000001,0.0013513524,1.0,4,3,3,4,0,1,0.0,0.9986496,4,20+,multi_under_selection,US,source2+source3
SYNTHETIC VALIDATION — NOT COMPETITION PERFORMANCE,E0001717,1717,46,0.023809543,3.3521217e-11,,0.023809543,,0,0,0,0,0,0,0.023809543,,0,20+,correct,FR,none
SYNTHETIC VALIDATION — NOT COMPETITION PERFORMANCE,E0001720,1720,32,1.000001,0.900001,1.000001,0.08333337,1.0,3,2,2,3,0,1,0.099999964,0.9166676,3,20+,multi_under_selection,DE,source2+source3
SYNTHETIC VALIDATION — NOT COMPETITION PERFORMANCE,E0001729,1729,40,1.8398343e-10,2.1677903e-11,,1.8398343e-10,,0,0,0,0,0,0,1.6230553e-10,,0,20+,correct,US,none
SYNTHETIC VALIDATION — NOT COMPETITION PERFORMANCE,E0001742,1742,38,1.000001,5.918671e-11,1.000001,5.918671e-11,1.0,1,1,1,1,0,0,1.000001,1.000001,1,20+,correct,US,source2
SYNTHETIC VALIDATION — NOT COMPETITION PERFORMANCE,E0001744,1744,35,0.37500092,4.1322005e-11,0.37500092,4.1322005e-11,1.0,1,0,0,1,0,1,0.37500092,0.37500092,0,20+,decision_miss,US,source2
SYNTHETIC VALIDATION — NOT COMPETITION PERFORMANCE,E0001745,1745,26,1.000001,0.69752824,1.000001,0.69752824,1.0,1,1,1,1,0,0,0.3024727,0.3024727,2,20+,correct,JP,source3
SYNTHETIC VALIDATION — NOT COMPETITION PERFORMANCE,E0001751,1751,40,0.0013513534,1.3649858e-10,,0.0013513534,,0,0,0,0,0,0,0.0013513532,,0,20+,correct,IN,none
SYNTHETIC VALIDATION — NOT COMPETITION PERFORMANCE,E0001752,1752,47,1.000001,4.3651898e-11,1.000001,4.3651898e-11,1.0,1,1,1,1,0,0,1.000001,1.000001,1,20+,correct,US,source2
SYNTHETIC VALIDATION — NOT COMPETITION PERFORMANCE,E0001754,1754,37,1.000001,1.000001,1.000001,0.001351352,1.0,3,3,3,3,0,0,0.0,0.9986496,3,20+,correct,US,source2
SYNTHETIC VALIDATION — NOT COMPETITION PERFORMANCE,E0001756,1756,15,1.000001,4.6008735e-11,1.000001,4.6008735e-11,1.0,1,1,1,1,0,0,1.000001,1.000001,1,5-20,correct,DE,source3
SYNTHETIC VALIDATION — NOT COMPETITION PERFORMANCE,E0001762,1762,48,1.4109255e-10,8.640607e-11,,1.4109255e-10,,0,0,0,0,0,0,5.4686485e-11,,0,20+,correct,US,none
SYNTHETIC VALIDATION — NOT COMPETITION PERFORMANCE,E0001763,1763,39,0.3571438,1.5426976e-10,,0.3571438,,0,0,0,0,0,0,0.3571438,,0,20+,correct,US,none
SYNTHETIC VALIDATION — NOT COMPETITION PERFORMANCE,E0001774,1774,29,0.0013513538,3.3375427e-11,,0.0013513538,,0,0,0,0,0,0,0.0013513538,,0,20+,correct,FR,none
SYNTHETIC VALIDATION — NOT COMPETITION PERFORMANCE,E0001780,1780,24,1.000001,9.162471e-11,1.000001,9.162471e-11,1.0,1,1,1,1,0,0,1.000001,1.000001,1,20+,correct,US,source3
SYNTHETIC VALIDATION — NOT COMPETITION PERFORMANCE,E0001784,1784,29,1.000001,0.8571439,1.000001,2.2218583e-11,1.0,3,2,2,3,0,1,0.14285707,1.000001,3,20+,multi_under_selection,IN,source2
SYNTHETIC VALIDATION — NOT COMPETITION PERFORMANCE,E0001788,1788,28,1.000001,1.000001,1.000001,3.5796582e-10,1.0,4,4,4,4,0,0,0.0,1.000001,4,20+,correct,BR,source2+source3
SYNTHETIC VALIDATION — NOT COMPETITION PERFORMANCE,E0001791,1791,34,0.8571439,0.120689936,0.8571439,0.120689936,1.0,1,1,1,1,0,0,0.73645395,0.73645395,1,20+,correct,US,source3
SYNTHETIC VALIDATION — NOT COMPETITION PERFORMANCE,E0001794,1794,21,0.37500092,3.178435e-10,0.37500092,3.178435e-10,1.0,1,0,0,1,0,1,0.37500092,0.37500092,0,20+,decision_miss,FR,source3
SYNTHETIC VALIDATION — NOT COMPETITION PERFORMANCE,E0001799,1799,41,0.08333337,0.019607853,,0.08333337,,0,0,0,0,0,0,0.063725516,,0,20+,correct,IN,none
SYNTHETIC VALIDATION — NOT COMPETITION PERFORMANCE,E0001803,1803,29,1.000001,2.0954828e-11,1.000001,2.0954828e-11,1.0,1,1,1,1,0,0,1.000001,1.000001,1,20+,correct,JP,source2
SYNTHETIC VALIDATION — NOT COMPETITION PERFORMANCE,E0001805,1805,25,0.8571439,0.001351352,0.8571439,0.001351352,1.0,1,1,1,1,0,0,0.8557925,0.8557925,1,20+,correct,US,source3
SYNTHETIC VALIDATION — NOT COMPETITION PERFORMANCE,E0001809,1809,32,1.000001,1.000001,1.000001,4.3298486e-11,1.0,4,3,3,4,0,1,0.0,1.000001,3,20+,multi_under_selection,JP,source2+source3
SYNTHETIC VALIDATION — NOT COMPETITION PERFORMANCE,E0001812,1812,31,1.000001,1.000001,1.000001,3.7440454e-10,1.0,2,2,2,2,0,0,0.0,1.000001,2,20+,correct,IN,source2+source3
SYNTHETIC VALIDATION — NOT COMPETITION PERFORMANCE,E0001814,1814,58,0.019607855,0.0013513564,,0.019607855,,0,0,0,0,0,0,0.018256499,,0,20+,correct,US,none
SYNTHETIC VALIDATION — NOT COMPETITION PERFORMANCE,E0001815,1815,41,0.001351353,3.052403e-10,,0.001351353,,0,0,0,0,0,0,0.0013513527,,0,20+,correct,IN,none
SYNTHETIC VALIDATION — NOT COMPETITION PERFORMANCE,E0001832,1832,10,1.000001,3.5269118e-10,1.000001,3.5269118e-10,1.0,1,1,1,1,0,0,1.000001,1.000001,1,5-20,correct,FR,source3
SYNTHETIC VALIDATION — NOT COMPETITION PERFORMANCE,E0001836,1836,59,0.3571437,0.12068985,0.12068985,0.3571437,2.0,1,0,0,1,0,1,0.23645386,-0.23645386,0,20+,model_miss,US,source2
SYNTHETIC VALIDATION — NOT COMPETITION PERFORMANCE,E0001837,1837,42,0.0013513521,1.0179909e-10,,0.0013513521,,0,0,0,0,0,0,0.001351352,,0,20+,correct,DE,none
SYNTHETIC VALIDATION — NOT COMPETITION PERFORMANCE,E0001840,1840,37,1.000001,7.212821e-11,1.000001,7.212821e-11,1.0,1,1,1,1,0,0,1.000001,1.000001,1,20+,correct,US,source2
SYNTHETIC VALIDATION — NOT COMPETITION PERFORMANCE,E0001848,1848,36,1.000001,0.35714352,1.000001,0.35714352,1.0,1,1,1,1,0,0,0.64285743,0.64285743,1,20+,correct,IN,source2
SYNTHETIC VALIDATION — NOT COMPETITION PERFORMANCE,E0001854,1854,41,1.172562e-10,1.1200419e-10,,1.172562e-10,,0,0,0,0,0,0,5.252014e-12,,0,20+,correct,BR,none
SYNTHETIC VALIDATION — NOT COMPETITION PERFORMANCE,E0001857,1857,21,0.8571439,0.8571439,0.8571439,0.023809543,1.0,3,3,3,3,0,0,0.0,0.8333343,3,20+,correct,DE,source2+source3
SYNTHETIC VALIDATION — NOT COMPETITION PERFORMANCE,E0001860,1860,27,0.35714367,0.12068992,0.35714367,0.12068992,1.0,1,0,0,1,0,1,0.23645374,0.23645374,0,20+,decision_miss,JP,source2
SYNTHETIC VALIDATION — NOT COMPETITION PERFORMANCE,E0001864,1864,30,1.000001,0.0013513521,1.000001,0.0013513521,1.0,1,1,1,1,0,0,0.9986496,0.9986496,1,20+,correct,BR,source2
SYNTHETIC VALIDATION — NOT COMPETITION PERFORMANCE,E0001867,1867,34,1.000001,1.000001,1.000001,1.6355167e-10,1.0,2,2,2,2,0,0,0.0,1.000001,2,20+,correct,IN,source2+source3
SYNTHETIC VALIDATION — NOT COMPETITION PERFORMANCE,E0001870,1870,49,1.000001,0.0013513537,1.000001,0.0013513537,1.0,1,1,1,1,0,0,0.9986496,0.9986496,1,20+,correct,US,source3
SYNTHETIC VALIDATION — NOT COMPETITION PERFORMANCE,E0001875,1875,39,1.000001,7.271528e-11,1.000001,7.271528e-11,1.0,1,1,1,1,0,0,1.000001,1.000001,1,20+,correct,US,source3
SYNTHETIC VALIDATION — NOT COMPETITION PERFORMANCE,E0001881,1881,48,1.3029697e-10,5.2273564e-11,,1.3029697e-10,,0,0,0,0,0,0,7.802341e-11,,0,20+,correct,US,none
SYNTHETIC VALIDATION — NOT COMPETITION PERFORMANCE,E0001883,1883,40,1.7465289e-10,1.1666425e-10,,1.7465289e-10,,0,0,0,0,0,0,5.798864e-11,,0,20+,correct,IN,none
SYNTHETIC VALIDATION — NOT COMPETITION PERFORMANCE,E0001884,1884,44,1.000001,0.0013513518,1.000001,0.0013513518,1.0,1,1,1,1,0,0,0.9986496,0.9986496,1,20+,correct,US,source3
SYNTHETIC VALIDATION — NOT COMPETITION PERFORMANCE,E0001886,1886,40,0.35714367,0.0013513566,0.35714367,0.0013513566,1.0,1,0,0,1,0,1,0.3557923,0.3557923,0,20+,decision_miss,JP,source2
SYNTHETIC VALIDATION — NOT COMPETITION PERFORMANCE,E0001888,1888,37,0.8571439,2.0682085e-11,0.8571439,2.0682085e-11,1.0,1,1,1,1,0,0,0.8571439,0.8571439,1,20+,correct,BR,source2
SYNTHETIC VALIDATION — NOT COMPETITION PERFORMANCE,E0001894,1894,27,1.000001,0.02380954,1.000001,0.02380954,1.0,1,1,1,1,0,0,0.9761914,0.9761914,1,20+,correct,US,source2
SYNTHETIC VALIDATION — NOT COMPETITION PERFORMANCE,E0001897,1897,36,1.000001,1.000001,1.000001,6.842544e-11,1.0,4,2,2,4,0,2,0.0,1.000001,2,20+,multi_under_selection,IN,source2+source3
SYNTHETIC VALIDATION — NOT COMPETITION PERFORMANCE,E0001899,1899,33,0.0013513521,7.785435e-11,,0.0013513521,,0,0,0,0,0,0,0.001351352,,0,20+,correct,US,none
SYNTHETIC VALIDATION — NOT COMPETITION PERFORMANCE,E0001900,1900,22,1.000001,2.5539829e-11,1.000001,2.5539829e-11,1.0,1,1,1,1,0,0,1.000001,1.000001,1,20+,correct,JP,source3
SYNTHETIC VALIDATION — NOT COMPETITION PERFORMANCE,E0001904,1904,44,0.35714376,0.08333337,0.35714376,0.08333337,1.0,1,0,0,1,0,1,0.2738104,0.2738104,0,20+,decision_miss,US,source2
SYNTHETIC VALIDATION — NOT COMPETITION PERFORMANCE,E0001908,1908,48,1.000001,2.586117e-10,1.000001,2.586117e-10,1.0,1,1,1,1,0,0,1.000001,1.000001,1,20+,correct,IN,source3
SYNTHETIC VALIDATION — NOT COMPETITION PERFORMANCE,E0001909,1909,56,0.0013513534,0.0013513527,,0.0013513534,,0,0,0,0,0,0,6.9849193e-10,,0,20+,correct,US,none
SYNTHETIC VALIDATION — NOT COMPETITION PERFORMANCE,E0001912,1912,34,0.35714373,0.12068977,,0.35714373,,0,0,0,0,0,0,0.23645395,,0,20+,correct,JP,none
SYNTHETIC VALIDATION — NOT COMPETITION PERFORMANCE,E0001915,1915,28,1.0176994e-10,4.543849e-11,,1.0176994e-10,,0,0,0,0,0,0,5.633145e-11,,0,20+,correct,DE,none
SYNTHETIC VALIDATION — NOT COMPETITION PERFORMANCE,E0001922,1922,38,1.5942708e-10,5.6996068e-11,,1.5942708e-10,,0,0,0,0,0,0,1.02431015e-10,,0,20+,correct,JP,none
SYNTHETIC VALIDATION — NOT COMPETITION PERFORMANCE,E0001923,1923,29,0.7222232,0.0013513517,0.7222232,0.0013513517,1.0,1,1,1,1,0,0,0.72087187,0.72087187,1,20+,correct,US,source2
SYNTHETIC VALIDATION — NOT COMPETITION PERFORMANCE,E0001929,1929,39,1.000001,0.019607855,1.000001,0.019607855,1.0,1,1,1,1,0,0,0.9803931,0.9803931,1,20+,correct,US,source3
SYNTHETIC VALIDATION — NOT COMPETITION PERFORMANCE,E0001932,1932,48,1.000001,0.083333366,1.000001,0.083333366,1.0,1,1,1,1,0,0,0.9166676,0.9166676,1,20+,correct,IN,source2
SYNTHETIC VALIDATION — NOT COMPETITION PERFORMANCE,E0001933,1933,45,0.0013513549,4.3908828e-11,,0.0013513549,,0,0,0,0,0,0,0.0013513549,,0,20+,correct,US,none
SYNTHETIC VALIDATION — NOT COMPETITION PERFORMANCE,E0001936,1936,38,1.000001,0.35714367,1.000001,0.0013513555,1.0,2,1,1,2,0,1,0.6428573,0.9986496,1,20+,multi_under_selection,US,source2+source3
SYNTHETIC VALIDATION — NOT COMPETITION PERFORMANCE,E0001938,1938,36,1.000001,1.000001,1.000001,1.7837952e-10,1.0,2,2,2,2,0,0,0.0,1.000001,2,20+,correct,US,source2+source3
SYNTHETIC VALIDATION — NOT COMPETITION PERFORMANCE,E0001941,1941,28,1.000001,6.1731634e-11,1.000001,6.1731634e-11,1.0,1,1,1,1,0,0,1.000001,1.000001,1,20+,correct,IN,source3
SYNTHETIC VALIDATION — NOT COMPETITION PERFORMANCE,E0001945,1945,39,1.000001,0.08333337,1.000001,0.08333337,1.0,1,1,1,1,0,0,0.9166676,0.9166676,1,20+,correct,US,source2
SYNTHETIC VALIDATION — NOT COMPETITION PERFORMANCE,E0001947,1947,41,0.08333338,0.019607855,,0.08333338,,0,0,0,0,0,0,0.06372552,,0,20+,correct,FR,none
SYNTHETIC VALIDATION — NOT COMPETITION PERFORMANCE,E0001953,1953,22,1.4707285e-10,2.5505745e-11,,1.4707285e-10,,0,0,0,0,0,0,1.215671e-10,,0,20+,correct,JP,none
SYNTHETIC VALIDATION — NOT COMPETITION PERFORMANCE,E0001955,1955,39,0.8571439,1.5824923e-10,0.8571439,1.5824923e-10,1.0,1,1,1,1,0,0,0.8571439,0.8571439,1,20+,correct,US,source3
SYNTHETIC VALIDATION — NOT COMPETITION PERFORMANCE,E0001956,1956,30,3.5225087e-10,7.886031e-11,,3.5225087e-10,,0,0,0,0,0,0,2.7339056e-10,,0,20+,correct,BR,none
SYNTHETIC VALIDATION — NOT COMPETITION PERFORMANCE,E0001962,1962,38,1.000001,0.0013513538,1.000001,0.0013513538,1.0,1,1,1,1,0,0,0.9986496,0.9986496,1,20+,correct,US,source3
SYNTHETIC VALIDATION — NOT COMPETITION PERFORMANCE,E0001963,1963,48,1.000001,1.000001,1.000001,0.0833334,1.0,2,2,2,2,0,0,0.0,0.9166676,2,20+,correct,BR,source2
SYNTHETIC VALIDATION — NOT COMPETITION PERFORMANCE,E0001964,1964,27,1.000001,1.4676815e-11,1.000001,1.4676815e-11,1.0,1,1,1,1,0,0,1.000001,1.000001,1,20+,correct,DE,source2
SYNTHETIC VALIDATION — NOT COMPETITION PERFORMANCE,E0001965,1965,41,1.000001,1.000001,1.000001,2.0828342e-10,1.0,2,2,2,2,0,0,0.0,1.000001,2,20+,correct,IN,source2+source3
SYNTHETIC VALIDATION — NOT COMPETITION PERFORMANCE,E0001968,1968,52,1.000001,8.509193e-11,1.000001,8.509193e-11,1.0,1,1,1,1,0,0,1.000001,1.000001,1,20+,correct,US,source2
SYNTHETIC VALIDATION — NOT COMPETITION PERFORMANCE,E0001971,1971,44,0.37500095,0.27586251,0.37500095,0.27586251,1.0,1,0,0,1,0,1,0.09913844,0.09913844,0,20+,decision_miss,BR,source2
SYNTHETIC VALIDATION — NOT COMPETITION PERFORMANCE,E0001974,1974,44,0.0013513565,1.7815775e-10,,0.0013513565,,0,0,0,0,0,0,0.0013513563,,0,20+,correct,BR,none
SYNTHETIC VALIDATION — NOT COMPETITION PERFORMANCE,E0001981,1981,28,1.000001,4.9683358e-11,1.000001,4.9683358e-11,1.0,1,1,1,1,0,0,1.000001,1.000001,1,20+,correct,FR,source2
SYNTHETIC VALIDATION — NOT COMPETITION PERFORMANCE,E0001982,1982,40,0.35714376,0.08333339,0.35714376,0.08333339,1.0,1,0,0,1,0,1,0.2738104,0.2738104,0,20+,decision_miss,FR,source3
SYNTHETIC VALIDATION — NOT COMPETITION PERFORMANCE,E0001995,1995,40,2.5539562e-10,2.3158806e-11,,2.5539562e-10,,0,0,0,0,0,0,2.3223681e-10,,0,20+,correct,US,none
SYNTHETIC VALIDATION — NOT COMPETITION PERFORMANCE,E0001996,1996,23,0.12068972,1.1955957e-10,,0.12068972,,0,0,0,0,0,0,0.12068972,,0,20+,correct,US,none
SYNTHETIC VALIDATION — NOT COMPETITION PERFORMANCE,E0002005,2005,35,1.000001,1.2223131e-10,1.000001,1.2223131e-10,1.0,1,1,1,1,0,0,1.000001,1.000001,1,20+,correct,US,source2
SYNTHETIC VALIDATION — NOT COMPETITION PERFORMANCE,E0002009,2009,39,1.000001,5.340245e-11,1.000001,5.340245e-11,1.0,1,1,1,1,0,0,1.000001,1.000001,1,20+,correct,US,source2
SYNTHETIC VALIDATION — NOT COMPETITION PERFORMANCE,E0002012,2012,14,1.000001,1.000001,1.000001,7.229723e-11,1.0,2,2,2,2,0,0,0.0,1.000001,2,5-20,correct,DE,source2
SYNTHETIC VALIDATION — NOT COMPETITION PERFORMANCE,E0002013,2013,42,1.000001,1.000001,1.000001,0.08333337,1.0,2,2,2,2,0,0,0.0,0.9166676,2,20+,correct,IN,source3
SYNTHETIC VALIDATION — NOT COMPETITION PERFORMANCE,E0002016,2016,38,1.000001,1.000001,1.000001,0.0013513557,1.0,2,2,2,2,0,0,0.0,0.9986496,2,20+,correct,US,source2+source3
SYNTHETIC VALIDATION — NOT COMPETITION PERFORMANCE,E0002017,2017,49,1.000001,2.2069067e-10,1.000001,2.2069067e-10,1.0,1,1,1,1,0,0,1.000001,1.000001,1,20+,correct,IN,source3
SYNTHETIC VALIDATION — NOT COMPETITION PERFORMANCE,E0002026,2026,34,1.000001,0.69230866,1.000001,0.02380954,1.0,2,1,1,2,0,1,0.3076923,0.9761914,2,20+,multi_under_selection,DE,source2+source3
SYNTHETIC VALIDATION — NOT COMPETITION PERFORMANCE,E0002034,2034,18,0.0013513525,0.0013513523,,0.0013513525,,0,0,0,0,0,0,2.3283064e-10,,0,5-20,correct,IN,none
SYNTHETIC VALIDATION — NOT COMPETITION PERFORMANCE,E0002037,2037,40,1.000001,2.467907e-10,1.000001,2.467907e-10,1.0,1,1,1,1,0,0,1.000001,1.000001,1,20+,correct,US,source2
SYNTHETIC VALIDATION — NOT COMPETITION PERFORMANCE,E0002039,2039,41,1.000001,0.3571438,1.000001,0.3571438,1.0,1,1,1,1,0,0,0.6428572,0.6428572,1,20+,correct,DE,source3
SYNTHETIC VALIDATION — NOT COMPETITION PERFORMANCE,E0002045,2045,52,0.0013513522,0.0013513521,,0.0013513522,,0,0,0,0,0,0,1.1641532e-10,,0,20+,correct,BR,none
SYNTHETIC VALIDATION — NOT COMPETITION PERFORMANCE,E0002058,2058,41,1.000001,1.000001,1.000001,0.35714367,1.0,3,3,3,3,0,0,0.0,0.6428573,3,20+,correct,BR,source2
SYNTHETIC VALIDATION — NOT COMPETITION PERFORMANCE,E0002070,2070,29,0.02380954,8.156847e-11,,0.02380954,,0,0,0,0,0,0,0.02380954,,0,20+,correct,US,none
SYNTHETIC VALIDATION — NOT COMPETITION PERFORMANCE,E0002079,2079,26,0.35714355,1.1388028e-10,0.35714355,1.1388028e-10,1.0,1,0,0,1,0,1,0.35714355,0.35714355,0,20+,decision_miss,FR,source3
SYNTHETIC VALIDATION — NOT COMPETITION PERFORMANCE,E0002080,2080,40,0.08333339,1.6050078e-10,,0.08333339,,0,0,0,0,0,0,0.08333339,,0,20+,correct,IN,none
SYNTHETIC VALIDATION — NOT COMPETITION PERFORMANCE,E0002082,2082,40,0.8571439,0.0013513598,0.8571439,0.0013513598,1.0,1,1,1,1,0,0,0.8557925,0.8557925,1,20+,correct,US,source3
SYNTHETIC VALIDATION — NOT COMPETITION PERFORMANCE,E0002084,2084,40,1.3553242e-10,4.6330384e-11,,1.3553242e-10,,0,0,0,0,0,0,8.9202035e-11,,0,20+,correct,BR,none
SYNTHETIC VALIDATION — NOT COMPETITION PERFORMANCE,E0002086,2086,22,0.3571435,2.7699853e-11,,0.3571435,,0,0,0,0,0,0,0.3571435,,0,20+,correct,FR,none
SYNTHETIC VALIDATION — NOT COMPETITION PERFORMANCE,E0002087,2087,17,0.7222232,7.653817e-11,0.7222232,7.653817e-11,1.0,1,1,1,1,0,0,0.7222232,0.7222232,1,5-20,correct,US,source3
SYNTHETIC VALIDATION — NOT COMPETITION PERFORMANCE,E0002088,2088,40,0.001351353,8.528916e-11,,0.001351353,,0,0,0,0,0,0,0.0013513529,,0,20+,correct,US,none
SYNTHETIC VALIDATION — NOT COMPETITION PERFORMANCE,E0002092,2092,31,1.000001,1.830382e-10,1.000001,1.830382e-10,1.0,1,1,1,1,0,0,1.000001,1.000001,1,20+,correct,JP,source3
SYNTHETIC VALIDATION — NOT COMPETITION PERFORMANCE,E0002097,2097,41,1.000001,1.8962298e-10,1.000001,1.8962298e-10,1.0,1,1,1,1,0,0,1.000001,1.000001,1,20+,correct,JP,source3
SYNTHETIC VALIDATION — NOT COMPETITION PERFORMANCE,E0002103,2103,30,1.000001,0.70000094,1.000001,0.70000094,1.0,1,1,1,1,0,0,0.3,0.3,2,20+,correct,US,source2
SYNTHETIC VALIDATION — NOT COMPETITION PERFORMANCE,E0002107,2107,40,1.000001,0.001351353,1.000001,0.001351353,1.0,1,1,1,1,0,0,0.9986496,0.9986496,1,20+,correct,US,source3
SYNTHETIC VALIDATION — NOT COMPETITION PERFORMANCE,E0002108,2108,20,0.001351355,2.3501569e-11,,0.001351355,,0,0,0,0,0,0,0.001351355,,0,5-20,correct,US,none
SYNTHETIC VALIDATION — NOT COMPETITION PERFORMANCE,E0002121,2121,26,1.000001,1.000001,1.000001,2.7076105e-10,1.0,3,3,3,3,0,0,0.0,1.000001,3,20+,correct,US,source2+source3
SYNTHETIC VALIDATION — NOT COMPETITION PERFORMANCE,E0002132,2132,27,0.69230866,0.0013513603,0.69230866,0.0013513603,1.0,1,1,1,1,0,0,0.6909573,0.6909573,1,20+,correct,IN,source2
SYNTHETIC VALIDATION — NOT COMPETITION PERFORMANCE,E0002142,2142,43,1.000001,0.12068983,1.000001,0.12068983,1.0,1,1,1,1,0,0,0.87931114,0.87931114,1,20+,correct,US,source2
SYNTHETIC VALIDATION — NOT COMPETITION PERFORMANCE,E0002146,2146,40,0.0013513562,6.108953e-11,,0.0013513562,,0,0,0,0,0,0,0.001351356,,0,20+,correct,US,none
SYNTHETIC VALIDATION — NOT COMPETITION PERFORMANCE,E0002160,2160,38,1.000001,0.0013513522,1.000001,0.0013513522,1.0,1,1,1,1,0,0,0.9986496,0.9986496,1,20+,correct,IN,source2
SYNTHETIC VALIDATION — NOT COMPETITION PERFORMANCE,E0002167,2167,38,1.000001,1.000001,1.000001,0.0013513525,1.0,2,2,2,2,0,0,0.0,0.9986496,2,20+,correct,US,source2
SYNTHETIC VALIDATION — NOT COMPETITION PERFORMANCE,E0002179,2179,31,0.70000094,0.35714373,0.70000094,0.35714373,1.0,1,1,1,1,0,0,0.3428572,0.3428572,1,20+,correct,US,source3
SYNTHETIC VALIDATION — NOT COMPETITION PERFORMANCE,E0002180,2180,38,1.000001,1.000001,1.000001,0.0013513518,1.0,2,2,2,2,0,0,0.0,0.9986496,2,20+,correct,IN,source3
SYNTHETIC VALIDATION — NOT COMPETITION PERFORMANCE,E0002184,2184,21,1.000001,7.801649e-12,1.000001,7.801649e-12,1.0,1,1,1,1,0,0,1.000001,1.000001,1,20+,correct,IN,source3
SYNTHETIC VALIDATION — NOT COMPETITION PERFORMANCE,E0002186,2186,40,1.000001,1.000001,1.000001,0.0013513599,1.0,4,4,4,4,0,0,0.0,0.9986496,4,20+,correct,JP,source2+source3
SYNTHETIC VALIDATION — NOT COMPETITION PERFORMANCE,E0002187,2187,29,1.000001,0.0013513517,1.000001,0.0013513517,1.0,1,1,1,1,0,0,0.9986496,0.9986496,1,20+,correct,US,source3
SYNTHETIC VALIDATION — NOT COMPETITION PERFORMANCE,E0002198,2198,37,1.000001,0.8571439,1.000001,8.272559e-11,1.0,2,2,2,2,0,0,0.14285707,1.000001,2,20+,correct,FR,source2+source3
SYNTHETIC VALIDATION — NOT COMPETITION PERFORMANCE,E0002208,2208,56,0.023809543,0.0013513534,,0.023809543,,0,0,0,0,0,0,0.02245819,,0,20+,correct,US,none
SYNTHETIC VALIDATION — NOT COMPETITION PERFORMANCE,E0002213,2213,37,0.0013513544,0.001351352,,0.0013513544,,0,0,0,0,0,0,2.4447218e-09,,0,20+,correct,US,none
SYNTHETIC VALIDATION — NOT COMPETITION PERFORMANCE,E0002214,2214,37,0.023809547,0.019607857,,0.023809547,,0,0,0,0,0,0,0.0042016897,,0,20+,correct,DE,none
SYNTHETIC VALIDATION — NOT COMPETITION PERFORMANCE,E0002228,2228,31,1.000001,1.000001,1.000001,2.1504666e-10,1.0,4,3,3,4,0,1,0.0,1.000001,4,20+,multi_under_selection,DE,source2+source3
SYNTHETIC VALIDATION — NOT COMPETITION PERFORMANCE,E0002231,2231,21,1.000001,2.9515124e-10,1.000001,2.9515124e-10,1.0,1,1,1,1,0,0,1.000001,1.000001,1,20+,correct,US,source3
SYNTHETIC VALIDATION — NOT COMPETITION PERFORMANCE,E0002233,2233,28,0.8571439,0.37500095,0.8571439,6.4484314e-11,1.0,2,1,1,2,0,1,0.48214293,0.8571439,1,20+,multi_under_selection,DE,source2+source3
SYNTHETIC VALIDATION — NOT COMPETITION PERFORMANCE,E0002235,2235,39,1.000001,1.1639257e-10,1.000001,1.1639257e-10,1.0,1,1,1,1,0,0,1.000001,1.000001,1,20+,correct,DE,source2
SYNTHETIC VALIDATION — NOT COMPETITION PERFORMANCE,E0002236,2236,39,1.000001,1.000001,1.000001,1.312197e-10,1.0,2,2,2,2,0,0,0.0,1.000001,2,20+,correct,US,source2+source3
SYNTHETIC VALIDATION — NOT COMPETITION PERFORMANCE,E0002244,2244,38,1.000001,0.69230866,1.000001,0.69230866,1.0,1,1,1,1,0,0,0.3076923,0.3076923,2,20+,correct,IN,source2
SYNTHETIC VALIDATION — NOT COMPETITION PERFORMANCE,E0002245,2245,29,1.000001,0.0013513605,1.000001,0.0013513605,1.0,1,1,1,1,0,0,0.9986496,0.9986496,1,20+,correct,JP,source2
SYNTHETIC VALIDATION — NOT COMPETITION PERFORMANCE,E0002247,2247,30,1.000001,5.49171e-11,1.000001,5.49171e-11,1.0,1,1,1,1,0,0,1.000001,1.000001,1,20+,correct,IN,source2
SYNTHETIC VALIDATION — NOT COMPETITION PERFORMANCE,E0002253,2253,41,1.000001,0.35714358,1.000001,0.27586254,1.0,2,1,1,2,0,1,0.6428574,0.7241384,1,20+,multi_under_selection,US,source2+source3
SYNTHETIC VALIDATION — NOT COMPETITION PERFORMANCE,E0002259,2259,37,1.000001,1.000001,1.000001,7.6150655e-11,1.0,4,4,4,4,0,0,0.0,1.000001,4,20+,correct,DE,source2+source3
SYNTHETIC VALIDATION — NOT COMPETITION PERFORMANCE,E0002263,2263,34,0.08333338,0.0013513577,,0.08333338,,0,0,0,0,0,0,0.081982024,,0,20+,correct,FR,none
SYNTHETIC VALIDATION — NOT COMPETITION PERFORMANCE,E0002279,2279,35,2.1549453e-10,3.634363e-11,,2.1549453e-10,,0,0,0,0,0,0,1.7915089e-10,,0,20+,correct,US,none
SYNTHETIC VALIDATION — NOT COMPETITION PERFORMANCE,E0002281,2281,38,1.000001,8.2060414e-11,1.000001,8.2060414e-11,1.0,1,1,1,1,0,0,1.000001,1.000001,1,20+,correct,US,source2
SYNTHETIC VALIDATION — NOT COMPETITION PERFORMANCE,E0002282,2282,40,1.000001,0.0013513522,1.000001,0.0013513522,1.0,1,1,1,1,0,0,0.9986496,0.9986496,1,20+,correct,US,source3
SYNTHETIC VALIDATION — NOT COMPETITION PERFORMANCE,E0002287,2287,21,0.0013513521,1.7315353e-10,,0.0013513521,,0,0,0,0,0,0,0.001351352,,0,20+,correct,FR,none
SYNTHETIC VALIDATION — NOT COMPETITION PERFORMANCE,E0002293,2293,40,0.8571439,7.274125e-11,0.8571439,7.274125e-11,1.0,1,1,1,1,0,0,0.8571439,0.8571439,1,20+,correct,DE,source3
SYNTHETIC VALIDATION — NOT COMPETITION PERFORMANCE,E0002296,2296,38,0.8571439,0.0013513521,0.8571439,0.0013513521,1.0,1,1,1,1,0,0,0.8557925,0.8557925,1,20+,correct,US,source3
SYNTHETIC VALIDATION — NOT COMPETITION PERFORMANCE,E0002297,2297,45,0.0013513529,4.1563978e-11,,0.0013513529,,0,0,0,0,0,0,0.0013513529,,0,20+,correct,US,none
SYNTHETIC VALIDATION — NOT COMPETITION PERFORMANCE,E0002300,2300,30,1.000001,1.000001,1.000001,7.504503e-11,1.0,2,2,2,2,0,0,0.0,1.000001,2,20+,correct,US,source2+source3
SYNTHETIC VALIDATION — NOT COMPETITION PERFORMANCE,E0002308,2308,26,1.000001,1.000001,1.000001,2.1718922e-10,1.0,2,2,2,2,0,0,0.0,1.000001,2,20+,correct,IN,source3
SYNTHETIC VALIDATION — NOT COMPETITION PERFORMANCE,E0002318,2318,39,1.000001,0.0013513527,1.000001,0.0013513527,1.0,1,1,1,1,0,0,0.9986496,0.9986496,1,20+,correct,BR,source3
SYNTHETIC VALIDATION — NOT COMPETITION PERFORMANCE,E0002325,2325,39,0.6923086,0.0013513522,0.6923086,0.0013513522,1.0,1,1,1,1,0,0,0.69095725,0.69095725,1,20+,correct,IN,source3
SYNTHETIC VALIDATION — NOT COMPETITION PERFORMANCE,E0002326,2326,38,0.023809541,7.046435e-11,,0.023809541,,0,0,0,0,0,0,0.023809541,,0,20+,correct,IN,none
SYNTHETIC VALIDATION — NOT COMPETITION PERFORMANCE,E0002327,2327,38,0.37500095,0.0013513523,0.37500095,0.0013513523,1.0,1,0,0,1,0,1,0.3736496,0.3736496,0,20+,decision_miss,FR,source3
SYNTHETIC VALIDATION — NOT COMPETITION PERFORMANCE,E0002334,2334,45,0.001351352,6.425586e-11,,0.001351352,,0,0,0,0,0,0,0.0013513518,,0,20+,correct,DE,none
SYNTHETIC VALIDATION — NOT COMPETITION PERFORMANCE,E0002337,2337,40,0.0013513569,1.6744402e-10,,0.0013513569,,0,0,0,0,0,0,0.0013513567,,0,20+,correct,US,none
SYNTHETIC VALIDATION — NOT COMPETITION PERFORMANCE,E0002339,2339,40,0.7222233,0.0013513518,0.7222233,0.0013513518,1.0,1,1,1,1,0,0,0.7208719,0.7208719,1,20+,correct,IN,source2
SYNTHETIC VALIDATION — NOT COMPETITION PERFORMANCE,E0002341,2341,25,1.8997987e-10,2.9301808e-11,,1.8997987e-10,,0,0,0,0,0,0,1.6067805e-10,,0,20+,correct,US,none
SYNTHETIC VALIDATION — NOT COMPETITION PERFORMANCE,E0002347,2347,40,0.12068974,1.5359723e-10,,0.12068974,,0,0,0,0,0,0,0.12068974,,0,20+,correct,US,none
SYNTHETIC VALIDATION — NOT COMPETITION PERFORMANCE,E0002367,2367,23,1.000001,1.0222947e-10,1.000001,1.0222947e-10,1.0,1,1,1,1,0,0,1.000001,1.000001,1,20+,correct,US,source2
SYNTHETIC VALIDATION — NOT COMPETITION PERFORMANCE,E0002373,2373,27,1.3224523e-10,2.6902735e-11,,1.3224523e-10,,0,0,0,0,0,0,1.0534249e-10,,0,20+,correct,US,none
SYNTHETIC VALIDATION — NOT COMPETITION PERFORMANCE,E0002374,2374,37,1.000001,0.12500036,1.000001,0.12500036,1.0,1,1,1,1,0,0,0.8750006,0.8750006,1,20+,correct,DE,source2
SYNTHETIC VALIDATION — NOT COMPETITION PERFORMANCE,E0002379,2379,31,1.000001,3.7891742e-11,1.000001,3.7891742e-11,1.0,1,1,1,1,0,0,1.000001,1.000001,1,20+,correct,FR,source2
SYNTHETIC VALIDATION — NOT COMPETITION PERFORMANCE,E0002381,2381,19,0.7222232,1.6850521e-11,0.7222232,1.6850521e-11,1.0,1,1,1,1,0,0,0.7222232,0.7222232,1,5-20,correct,JP,source3
SYNTHETIC VALIDATION — NOT COMPETITION PERFORMANCE,E0002399,2399,37,1.000001,1.1112277e-10,1.000001,1.1112277e-10,1.0,1,1,1,1,0,0,1.000001,1.000001,1,20+,correct,IN,source2
SYNTHETIC VALIDATION — NOT COMPETITION PERFORMANCE,E0002410,2410,23,1.2757186e-10,5.0191053e-11,,1.2757186e-10,,0,0,0,0,0,0,7.73808e-11,,0,20+,correct,DE,none
SYNTHETIC VALIDATION — NOT COMPETITION PERFORMANCE,E0002416,2416,38,1.000001,0.0013513537,1.000001,0.0013513537,1.0,1,1,1,1,0,0,0.9986496,0.9986496,1,20+,correct,US,source3
SYNTHETIC VALIDATION — NOT COMPETITION PERFORMANCE,E0002418,2418,47,1.000001,1.000001,1.000001,9.016956e-11,1.0,4,4,4,4,0,0,0.0,1.000001,4,20+,correct,US,source2+source3
SYNTHETIC VALIDATION — NOT COMPETITION PERFORMANCE,E0002419,2419,29,1.000001,0.3571438,1.000001,0.3571438,1.0,1,1,1,1,0,0,0.6428572,0.6428572,1,20+,correct,IN,source3
SYNTHETIC VALIDATION — NOT COMPETITION PERFORMANCE,E0002422,2422,26,0.0013513541,1.3495076e-10,,0.0013513541,,0,0,0,0,0,0,0.001351354,,0,20+,correct,DE,none
SYNTHETIC VALIDATION — NOT COMPETITION PERFORMANCE,E0002431,2431,32,0.8571439,1.4793196e-11,0.8571439,1.4793196e-11,1.0,1,1,1,1,0,0,0.8571439,0.8571439,1,20+,correct,BR,source3
SYNTHETIC VALIDATION — NOT COMPETITION PERFORMANCE,E0002438,2438,17,1.832699e-10,3.162102e-11,,1.832699e-10,,0,0,0,0,0,0,1.5164889e-10,,0,5-20,correct,BR,none
SYNTHETIC VALIDATION — NOT COMPETITION PERFORMANCE,E0002440,2440,36,1.000001,1.000001,1.000001,0.0013513538,1.0,3,3,3,3,0,0,0.0,0.9986496,3,20+,correct,IN,source2+source3
SYNTHETIC VALIDATION — NOT COMPETITION PERFORMANCE,E0002450,2450,29,1.000001,1.000001,1.000001,2.3256067e-11,1.0,4,3,3,4,0,1,0.0,1.000001,4,20+,multi_under_selection,US,source2+source3
SYNTHETIC VALIDATION — NOT COMPETITION PERFORMANCE,E0002456,2456,43,1.000001,1.000001,1.000001,0.3571437,1.0,4,4,4,4,0,0,0.0,0.64285725,4,20+,correct,FR,source2+source3
SYNTHETIC VALIDATION — NOT COMPETITION PERFORMANCE,E0002460,2460,39,1.000001,6.582802e-11,1.000001,6.582802e-11,1.0,1,1,1,1,0,0,1.000001,1.000001,1,20+,correct,US,source2
SYNTHETIC VALIDATION — NOT COMPETITION PERFORMANCE,E0002463,2463,32,1.000001,1.000001,1.000001,0.0013513572,1.0,2,2,2,2,0,0,0.0,0.9986496,2,20+,correct,JP,source2+source3
SYNTHETIC VALIDATION — NOT COMPETITION PERFORMANCE,E0002465,2465,39,5.502155e-11,2.0471113e-11,,5.502155e-11,,0,0,0,0,0,0,3.455044e-11,,0,20+,correct,US,none
SYNTHETIC VALIDATION — NOT COMPETITION PERFORMANCE,E0002472,2472,41,1.000001,1.000001,1.000001,0.0013513599,1.0,2,2,2,2,0,0,0.0,0.9986496,2,20+,correct,US,source2
SYNTHETIC VALIDATION — NOT COMPETITION PERFORMANCE,E0002476,2476,34,1.000001,0.35714355,1.000001,0.35714355,1.0,1,1,1,1,0,0,0.64285743,0.64285743,1,20+,correct,BR,source2
SYNTHETIC VALIDATION — NOT COMPETITION PERFORMANCE,E0002479,2479,34,1.000001,1.2947433e-10,1.000001,1.2947433e-10,1.0,1,1,1,1,0,0,1.000001,1.000001,1,20+,correct,DE,source2
SYNTHETIC VALIDATION — NOT COMPETITION PERFORMANCE,E0002489,2489,28,1.000001,1.000001,1.000001,0.019607853,1.0,3,3,3,3,0,0,0.0,0.9803931,3,20+,correct,US,source2
SYNTHETIC VALIDATION — NOT COMPETITION PERFORMANCE,E0002495,2495,17,1.3497662e-11,1.3240383e-11,,1.3497662e-11,,0,0,0,0,0,0,2.5727944e-13,,0,5-20,correct,US,none
SYNTHETIC VALIDATION — NOT COMPETITION PERFORMANCE,E0002500,2500,46,0.0013513518,4.585137e-11,,0.0013513518,,0,0,0,1,0,1,0.0013513518,,0,20+,retrieval_miss,US,source3
SYNTHETIC VALIDATION — NOT COMPETITION PERFORMANCE,E0002506,2506,40,1.8499792e-10,4.4021734e-11,,1.8499792e-10,,0,0,0,0,0,0,1.4097619e-10,,0,20+,correct,US,none
SYNTHETIC VALIDATION — NOT COMPETITION PERFORMANCE,E0002517,2517,35,1.000001,1.000001,1.000001,6.737677e-11,1.0,4,4,4,4,0,0,0.0,1.000001,4,20+,correct,JP,source2+source3
SYNTHETIC VALIDATION — NOT COMPETITION PERFORMANCE,E0002526,2526,39,0.120689765,0.0013513563,,0.120689765,,0,0,0,0,0,0,0.11933841,,0,20+,correct,BR,none
SYNTHETIC VALIDATION — NOT COMPETITION PERFORMANCE,E0002528,2528,55,1.000001,1.000001,1.000001,0.35714376,1.0,3,2,2,3,0,1,0.0,0.6428572,3,20+,multi_under_selection,US,source2+source3
SYNTHETIC VALIDATION — NOT COMPETITION PERFORMANCE,E0002540,2540,24,2.4375452e-10,1.1379087e-10,,2.4375452e-10,,0,0,0,0,0,0,1.2996365e-10,,0,20+,correct,US,none
SYNTHETIC VALIDATION — NOT COMPETITION PERFORMANCE,E0002544,2544,45,1.000001,0.0013513595,1.000001,0.0013513595,1.0,1,1,1,1,0,0,0.9986496,0.9986496,1,20+,correct,DE,source3
SYNTHETIC VALIDATION — NOT COMPETITION PERFORMANCE,E0002551,2551,46,0.12068981,0.0013513522,0.12068981,0.0013513522,1.0,1,0,0,1,0,1,0.11933846,0.11933846,0,20+,decision_miss,US,source3
SYNTHETIC VALIDATION — NOT COMPETITION PERFORMANCE,E0002553,2553,37,1.000001,0.001351352,1.000001,0.001351352,1.0,1,1,1,1,0,0,0.9986496,0.9986496,1,20+,correct,IN,source3
SYNTHETIC VALIDATION — NOT COMPETITION PERFORMANCE,E0002554,2554,36,1.000001,1.000001,1.000001,0.3571435,1.0,4,3,3,4,0,1,0.0,0.64285743,3,20+,multi_under_selection,US,source2+source3
SYNTHETIC VALIDATION — NOT COMPETITION PERFORMANCE,E0002555,2555,45,0.08333339,0.019607857,0.08333339,0.019607857,1.0,1,0,0,1,0,1,0.06372553,0.06372553,0,20+,decision_miss,US,source3
SYNTHETIC VALIDATION — NOT COMPETITION PERFORMANCE,E0002558,2558,24,1.000001,0.0013513557,1.000001,0.0013513557,1.0,1,1,1,1,0,0,0.9986496,0.9986496,1,20+,correct,DE,source2
SYNTHETIC VALIDATION — NOT COMPETITION PERFORMANCE,E0002560,2560,46,0.001351352,1.1878246e-10,,0.001351352,,0,0,0,0,0,0,0.0013513518,,0,20+,correct,DE,none
SYNTHETIC VALIDATION — NOT COMPETITION PERFORMANCE,E0002562,2562,26,1.000001,0.0013513518,1.000001,0.0013513518,1.0,1,1,1,1,0,0,0.9986496,0.9986496,1,20+,correct,US,source3
SYNTHETIC VALIDATION — NOT COMPETITION PERFORMANCE,E0002567,2567,23,1.000001,1.6666606e-10,1.000001,1.6666606e-10,1.0,1,1,1,1,0,0,1.000001,1.000001,1,20+,correct,US,source3
SYNTHETIC VALIDATION — NOT COMPETITION PERFORMANCE,E0002569,2569,44,1.000001,3.0455147e-10,1.000001,3.0455147e-10,1.0,1,1,1,1,0,0,1.000001,1.000001,1,20+,correct,IN,source2
SYNTHETIC VALIDATION — NOT COMPETITION PERFORMANCE,E0002576,2576,39,8.3178436e-11,5.0220793e-11,,8.3178436e-11,,0,0,0,0,0,0,3.2957644e-11,,0,20+,correct,IN,none
SYNTHETIC VALIDATION — NOT COMPETITION PERFORMANCE,E0002578,2578,24,1.000001,3.8516596e-11,1.000001,3.8516596e-11,1.0,1,1,1,1,0,0,1.000001,1.000001,1,20+,correct,DE,source2
SYNTHETIC VALIDATION — NOT COMPETITION PERFORMANCE,E0002579,2579,32,0.875001,0.35714382,0.875001,0.35714382,1.0,1,1,1,1,0,0,0.5178572,0.5178572,1,20+,correct,US,source3
SYNTHETIC VALIDATION — NOT COMPETITION PERFORMANCE,E0002582,2582,36,1.000001,0.0013513528,1.000001,0.0013513528,1.0,1,1,1,1,0,0,0.9986496,0.9986496,1,20+,correct,US,source3
SYNTHETIC VALIDATION — NOT COMPETITION PERFORMANCE,E0002585,2585,34,1.000001,0.12068976,1.000001,0.12068976,1.0,1,1,1,1,0,0,0.8793112,0.8793112,1,20+,correct,US,source2
SYNTHETIC VALIDATION — NOT COMPETITION PERFORMANCE,E0002587,2587,47,0.019607857,0.0013513518,,0.019607857,,0,0,0,0,0,0,0.018256504,,0,20+,correct,BR,none
SYNTHETIC VALIDATION — NOT COMPETITION PERFORMANCE,E0002588,2588,56,0.0013513534,0.0013513527,,0.0013513534,,0,0,0,0,0,0,6.9849193e-10,,0,20+,correct,US,none
SYNTHETIC VALIDATION — NOT COMPETITION PERFORMANCE,E0002594,2594,26,1.8669892e-10,3.9474844e-11,,1.8669892e-10,,0,0,0,0,0,0,1.4722408e-10,,0,20+,correct,BR,none
SYNTHETIC VALIDATION — NOT COMPETITION PERFORMANCE,E0002598,2598,39,1.000001,1.5944122e-10,1.000001,1.5944122e-10,1.0,1,1,1,1,0,0,1.000001,1.000001,1,20+,correct,JP,source3
SYNTHETIC VALIDATION — NOT COMPETITION PERFORMANCE,E0002601,2601,26,1.000001,0.3571437,1.000001,0.3571437,1.0,1,1,1,1,0,0,0.64285725,0.64285725,1,20+,correct,DE,source3
SYNTHETIC VALIDATION — NOT COMPETITION PERFORMANCE,E0002602,2602,48,1.000001,1.000001,1.000001,0.0013513556,1.0,3,3,3,3,0,0,0.0,0.9986496,3,20+,correct,IN,source2+source3
SYNTHETIC VALIDATION — NOT COMPETITION PERFORMANCE,E0002605,2605,31,3.591206e-10,1.5997133e-10,,3.591206e-10,,0,0,0,0,0,0,1.9914927e-10,,0,20+,correct,US,none
SYNTHETIC VALIDATION — NOT COMPETITION PERFORMANCE,E0002608,2608,44,0.35714373,0.12068979,,0.35714373,,0,0,0,0,0,0,0.23645395,,0,20+,correct,DE,none
SYNTHETIC VALIDATION — NOT COMPETITION PERFORMANCE,E0002617,2617,25,0.019607853,8.724474e-11,,0.019607853,,0,0,0,0,0,0,0.019607853,,0,20+,correct,JP,none
SYNTHETIC VALIDATION — NOT COMPETITION PERFORMANCE,E0002618,2618,39,1.000001,1.4946842e-10,1.000001,1.4946842e-10,1.0,1,1,1,1,0,0,1.000001,1.000001,1,20+,correct,FR,source3
SYNTHETIC VALIDATION — NOT COMPETITION PERFORMANCE,E0002619,2619,32,1.000001,1.000001,1.000001,1.1005507e-10,1.0,2,2,2,2,0,0,0.0,1.000001,2,20+,correct,DE,source2+source3
SYNTHETIC VALIDATION — NOT COMPETITION PERFORMANCE,E0002622,2622,58,1.000001,1.000001,1.000001,0.12068986,1.0,3,2,2,3,0,1,0.0,0.8793111,2,20+,multi_under_selection,US,source2+source3
SYNTHETIC VALIDATION — NOT COMPETITION PERFORMANCE,E0002631,2631,23,1.000001,0.019607857,1.000001,0.019607857,1.0,1,1,1,1,0,0,0.9803931,0.9803931,1,20+,correct,US,source3
SYNTHETIC VALIDATION — NOT COMPETITION PERFORMANCE,E0002638,2638,49,8.803287e-11,7.744628e-11,,8.803287e-11,,0,0,0,0,0,0,1.0586594e-11,,0,20+,correct,US,none
SYNTHETIC VALIDATION — NOT COMPETITION PERFORMANCE,E0002639,2639,29,9.2617185e-11,6.225001e-11,,9.2617185e-11,,0,0,0,0,0,0,3.0367174e-11,,0,20+,correct,IN,none
SYNTHETIC VALIDATION — NOT COMPETITION PERFORMANCE,E0002652,2652,27,8.385698e-11,2.13911e-11,,8.385698e-11,,0,0,0,0,0,0,6.246588e-11,,0,20+,correct,US,none
SYNTHETIC VALIDATION — NOT COMPETITION PERFORMANCE,E0002656,2656,55,1.000001,0.0013513555,1.000001,0.0013513555,1.0,1,1,1,1,0,0,0.9986496,0.9986496,1,20+,correct,US,source2
SYNTHETIC VALIDATION — NOT COMPETITION PERFORMANCE,E0002659,2659,40,0.08333339,3.3910327e-10,,0.08333339,,0,0,0,0,0,0,0.08333339,,0,20+,correct,JP,none
SYNTHETIC VALIDATION — NOT COMPETITION PERFORMANCE,E0002664,2664,21,1.000001,1.5786665e-10,1.000001,1.5786665e-10,1.0,1,1,1,1,0,0,1.000001,1.000001,1,20+,correct,US,source2
SYNTHETIC VALIDATION — NOT COMPETITION PERFORMANCE,E0002669,2669,40,0.019607853,3.5561717e-10,,0.019607853,,0,0,0,0,0,0,0.019607853,,0,20+,correct,US,none
SYNTHETIC VALIDATION — NOT COMPETITION PERFORMANCE,E0002671,2671,39,1.000001,2.2397936e-10,1.000001,2.2397936e-10,1.0,1,1,1,1,0,0,1.000001,1.000001,1,20+,correct,US,source2
SYNTHETIC VALIDATION — NOT COMPETITION PERFORMANCE,E0002675,2675,45,7.425475e-11,1.3022327e-11,,7.425475e-11,,0,0,0,0,0,0,6.123242e-11,,0,20+,correct,US,none
SYNTHETIC VALIDATION — NOT COMPETITION PERFORMANCE,E0002676,2676,41,1.000001,6.4698934e-11,1.000001,6.4698934e-11,1.0,1,1,1,1,0,0,1.000001,1.000001,1,20+,correct,US,source3
SYNTHETIC VALIDATION — NOT COMPETITION PERFORMANCE,E0002678,2678,35,0.0013513518,4.9614188e-11,,0.0013513518,,0,0,0,0,0,0,0.0013513518,,0,20+,correct,DE,none
SYNTHETIC VALIDATION — NOT COMPETITION PERFORMANCE,E0002686,2686,36,1.09035884e-10,2.0226956e-11,,1.09035884e-10,,0,0,0,0,0,0,8.880893e-11,,0,20+,correct,JP,none
SYNTHETIC VALIDATION — NOT COMPETITION PERFORMANCE,E0002687,2687,25,1.7292308e-10,6.8272894e-11,,1.7292308e-10,,0,0,0,0,0,0,1.04650184e-10,,0,20+,correct,US,none
SYNTHETIC VALIDATION — NOT COMPETITION PERFORMANCE,E0002694,2694,40,1.000001,0.8571439,1.000001,0.27586246,1.0,2,2,2,2,0,0,0.14285707,0.7241385,2,20+,correct,IN,source2
SYNTHETIC VALIDATION — NOT COMPETITION PERFORMANCE,E0002706,2706,37,0.0013513548,0.0013513523,,0.0013513548,,0,0,0,0,0,0,2.4447218e-09,,0,20+,correct,US,none
SYNTHETIC VALIDATION — NOT COMPETITION PERFORMANCE,E0002715,2715,41,1.000001,0.0013513518,1.000001,0.0013513518,1.0,1,1,1,1,0,0,0.9986496,0.9986496,1,20+,correct,DE,source2
SYNTHETIC VALIDATION — NOT COMPETITION PERFORMANCE,E0002729,2729,16,1.000001,0.019607855,1.000001,0.019607855,1.0,1,1,1,1,0,0,0.9803931,0.9803931,1,5-20,correct,FR,source2
SYNTHETIC VALIDATION — NOT COMPETITION PERFORMANCE,E0002732,2732,37,1.000001,0.0013513606,1.000001,0.0013513606,1.0,1,1,1,1,0,0,0.9986496,0.9986496,1,20+,correct,IN,source2
SYNTHETIC VALIDATION — NOT COMPETITION PERFORMANCE,E0002735,2735,40,2.722955e-10,3.344989e-11,,2.722955e-10,,0,0,0,0,0,0,2.388456e-10,,0,20+,correct,IN,none
SYNTHETIC VALIDATION — NOT COMPETITION PERFORMANCE,E0002737,2737,41,0.023809545,0.0013513534,,0.023809545,,0,0,0,0,0,0,0.022458192,,0,20+,correct,FR,none
SYNTHETIC VALIDATION — NOT COMPETITION PERFORMANCE,E0002741,2741,31,1.000001,1.000001,1.000001,0.0013513518,1.0,2,2,2,2,0,0,0.0,0.9986496,2,20+,correct,BR,source2+source3
SYNTHETIC VALIDATION — NOT COMPETITION PERFORMANCE,E0002742,2742,30,1.000001,1.000001,1.000001,2.1971397e-11,1.0,3,3,3,3,0,0,0.0,1.000001,3,20+,correct,US,source2
SYNTHETIC VALIDATION — NOT COMPETITION PERFORMANCE,E0002744,2744,58,1.000001,0.019607855,1.000001,0.019607855,1.0,1,1,1,1,0,0,0.9803931,0.9803931,1,20+,correct,US,source2
SYNTHETIC VALIDATION — NOT COMPETITION PERFORMANCE,E0002745,2745,41,0.0013513528,0.0013513525,,0.0013513528,,0,0,0,0,0,0,2.3283064e-10,,0,20+,correct,IN,none
SYNTHETIC VALIDATION — NOT COMPETITION PERFORMANCE,E0002756,2756,34,0.70000094,6.953447e-11,0.70000094,6.953447e-11,1.0,1,1,1,1,0,0,0.70000094,0.70000094,1,20+,correct,US,source3
SYNTHETIC VALIDATION — NOT COMPETITION PERFORMANCE,E0002760,2760,45,0.019607857,1.2556005e-10,,0.019607857,,0,0,0,0,0,0,0.019607857,,0,20+,correct,JP,none
SYNTHETIC VALIDATION — NOT COMPETITION PERFORMANCE,E0002767,2767,41,1.000001,0.0013513523,1.000001,0.0013513523,1.0,1,1,1,1,0,0,0.9986496,0.9986496,1,20+,correct,US,source2
SYNTHETIC VALIDATION — NOT COMPETITION PERFORMANCE,E0002769,2769,21,8.046951e-11,1.9337422e-11,,8.046951e-11,,0,0,0,0,0,0,6.113209e-11,,0,20+,correct,US,none
SYNTHETIC VALIDATION — NOT COMPETITION PERFORMANCE,E0002771,2771,29,1.000001,0.3571438,1.000001,0.3571438,1.0,1,1,1,1,0,0,0.6428572,0.6428572,1,20+,correct,US,source2
SYNTHETIC VALIDATION — NOT COMPETITION PERFORMANCE,E0002777,2777,28,1.000001,0.001351354,1.000001,0.001351354,1.0,1,1,1,1,0,0,0.9986496,0.9986496,1,20+,correct,US,source3
SYNTHETIC VALIDATION — NOT COMPETITION PERFORMANCE,E0002782,2782,40,0.8571439,0.023809543,0.8571439,0.023809543,1.0,1,1,1,1,0,0,0.8333343,0.8333343,1,20+,correct,DE,source3
SYNTHETIC VALIDATION — NOT COMPETITION PERFORMANCE,E0002785,2785,56,1.000001,0.019607853,1.000001,0.019607853,1.0,1,1,1,1,0,0,0.9803931,0.9803931,1,20+,correct,US,source2
SYNTHETIC VALIDATION — NOT COMPETITION PERFORMANCE,E0002796,2796,27,0.120689824,3.90162e-11,,0.120689824,,0,0,0,0,0,0,0.120689824,,0,20+,correct,JP,none
SYNTHETIC VALIDATION — NOT COMPETITION PERFORMANCE,E0002798,2798,38,1.000001,0.0013513535,1.000001,0.0013513535,1.0,1,1,1,1,0,0,0.9986496,0.9986496,1,20+,correct,US,source3
SYNTHETIC VALIDATION — NOT COMPETITION PERFORMANCE,E0002800,2800,30,1.000001,0.001351352,1.000001,0.001351352,1.0,1,1,1,1,0,0,0.9986496,0.9986496,1,20+,correct,US,source3
SYNTHETIC VALIDATION — NOT COMPETITION PERFORMANCE,E0002803,2803,27,1.000001,1.000001,1.000001,0.0013513531,1.0,2,2,2,3,0,1,0.0,0.9986496,2,20+,retrieval_miss,US,source2+source3
SYNTHETIC VALIDATION — NOT COMPETITION PERFORMANCE,E0002806,2806,36,2.403964e-10,9.033973e-11,,2.403964e-10,,0,0,0,0,0,0,1.5005666e-10,,0,20+,correct,DE,none
SYNTHETIC VALIDATION — NOT COMPETITION PERFORMANCE,E0002815,2815,35,0.001351352,4.456738e-11,,0.001351352,,0,0,0,0,0,0,0.001351352,,0,20+,correct,US,none
SYNTHETIC VALIDATION — NOT COMPETITION PERFORMANCE,E0002816,2816,40,3.7653956e-11,3.4428495e-11,,3.7653956e-11,,0,0,0,0,0,0,3.2254616e-12,,0,20+,correct,IN,none
SYNTHETIC VALIDATION — NOT COMPETITION PERFORMANCE,E0002819,2819,33,2.5954822e-10,3.619931e-11,,2.5954822e-10,,0,0,0,0,0,0,2.2334891e-10,,0,20+,correct,US,none
SYNTHETIC VALIDATION — NOT COMPETITION PERFORMANCE,E0002820,2820,38,1.000001,2.958078e-11,1.000001,2.958078e-11,1.0,1,1,1,1,0,0,1.000001,1.000001,1,20+,correct,FR,source2
SYNTHETIC VALIDATION — NOT COMPETITION PERFORMANCE,E0002823,2823,33,1.000001,0.8571439,1.000001,1.703262e-10,1.0,2,2,2,2,0,0,0.14285707,1.000001,2,20+,correct,US,source2
SYNTHETIC VALIDATION — NOT COMPETITION PERFORMANCE,E0002825,2825,26,1.5898942e-11,1.3021676e-11,,1.5898942e-11,,0,0,0,0,0,0,2.8772661e-12,,0,20+,correct,US,none
SYNTHETIC VALIDATION — NOT COMPETITION PERFORMANCE,E0002840,2840,42,1.000001,0.69230866,1.000001,1.1366788e-10,1.0,2,1,1,2,0,1,0.3076923,1.000001,2,20+,multi_under_selection,US,source2+source3
SYNTHETIC VALIDATION — NOT COMPETITION PERFORMANCE,E0002852,2852,37,1.000001,1.000001,1.000001,8.0288776e-11,1.0,2,2,2,2,0,0,0.0,1.000001,2,20+,correct,US,source2+source3
SYNTHETIC VALIDATION — NOT COMPETITION PERFORMANCE,E0002875,2875,25,0.83511955,0.001351352,0.83511955,0.001351352,1.0,1,1,1,1,0,0,0.8337682,0.8337682,1,20+,correct,JP,source2
SYNTHETIC VALIDATION — NOT COMPETITION PERFORMANCE,E0002877,2877,31,1.000001,1.000001,1.000001,0.0013513523,1.0,4,4,4,4,0,0,0.0,0.9986496,4,20+,correct,DE,source2+source3
SYNTHETIC VALIDATION — NOT COMPETITION PERFORMANCE,E0002887,2887,39,1.000001,0.08333337,1.000001,0.08333337,1.0,1,1,1,1,0,0,0.9166676,0.9166676,1,20+,correct,IN,source3
SYNTHETIC VALIDATION — NOT COMPETITION PERFORMANCE,E0002890,2890,27,1.000001,2.910961e-10,1.000001,2.910961e-10,1.0,1,1,1,1,0,0,1.000001,1.000001,1,20+,correct,US,source3
SYNTHETIC VALIDATION — NOT COMPETITION PERFORMANCE,E0002891,2891,40,1.000001,1.3292754e-10,1.000001,1.3292754e-10,1.0,1,1,1,1,0,0,1.000001,1.000001,1,20+,correct,US,source2
SYNTHETIC VALIDATION — NOT COMPETITION PERFORMANCE,E0002896,2896,39,1.000001,0.023809545,1.000001,0.023809545,1.0,1,1,1,1,0,0,0.9761914,0.9761914,1,20+,correct,IN,source3
SYNTHETIC VALIDATION — NOT COMPETITION PERFORMANCE,E0002897,2897,27,1.000001,1.000001,1.000001,2.6858767e-11,1.0,2,2,2,2,0,0,0.0,1.000001,2,20+,correct,US,source3
SYNTHETIC VALIDATION — NOT COMPETITION PERFORMANCE,E0002898,2898,22,1.000001,1.2170136e-10,1.000001,1.2170136e-10,1.0,1,1,1,1,0,0,1.000001,1.000001,1,20+,correct,US,source2
SYNTHETIC VALIDATION — NOT COMPETITION PERFORMANCE,E0002901,2901,45,0.0013513524,0.001351352,,0.0013513524,,0,0,0,0,0,0,4.656613e-10,,0,20+,correct,JP,none
SYNTHETIC VALIDATION — NOT COMPETITION PERFORMANCE,E0002907,2907,51,1.000001,0.8750011,1.000001,1.9507265e-10,1.0,2,2,2,2,0,0,0.12499988,1.000001,2,20+,correct,FR,source2+source3
SYNTHETIC VALIDATION — NOT COMPETITION PERFORMANCE,E0002910,2910,25,1.000001,1.000001,1.000001,0.3333339,1.0,4,4,4,4,0,0,0.0,0.66666704,4,20+,correct,US,source2
SYNTHETIC VALIDATION — NOT COMPETITION PERFORMANCE,E0002912,2912,37,1.000001,3.0065058e-11,1.000001,3.0065058e-11,1.0,1,1,1,1,0,0,1.000001,1.000001,1,20+,correct,JP,source3
SYNTHETIC VALIDATION — NOT COMPETITION PERFORMANCE,E0002926,2926,32,1.000001,1.000001,1.000001,1.9203082e-11,1.0,2,2,2,2,0,0,0.0,1.000001,2,20+,correct,IN,source2+source3
SYNTHETIC VALIDATION — NOT COMPETITION PERFORMANCE,E0002928,2928,37,1.000001,1.000001,1.000001,0.0013513523,1.0,3,3,3,3,0,0,0.0,0.9986496,3,20+,correct,DE,source2+source3
SYNTHETIC VALIDATION — NOT COMPETITION PERFORMANCE,E0002940,2940,25,0.8571439,3.2998793e-10,0.8571439,3.2998793e-10,1.0,1,1,1,1,0,0,0.8571439,0.8571439,1,20+,correct,US,source2
SYNTHETIC VALIDATION — NOT COMPETITION PERFORMANCE,E0002952,2952,28,0.0013513518,4.8069184e-11,,0.0013513518,,0,0,0,0,0,0,0.0013513518,,0,20+,correct,US,none
SYNTHETIC VALIDATION — NOT COMPETITION PERFORMANCE,E0002954,2954,24,0.02380954,1.4588225e-11,,0.02380954,,0,0,0,0,0,0,0.02380954,,0,20+,correct,IN,none
SYNTHETIC VALIDATION — NOT COMPETITION PERFORMANCE,E0002955,2955,46,4.5726135e-11,3.3620363e-11,,4.5726135e-11,,0,0,0,0,0,0,1.2105771e-11,,0,20+,correct,DE,none
SYNTHETIC VALIDATION — NOT COMPETITION PERFORMANCE,E0002959,2959,38,1.000001,0.083333366,1.000001,0.083333366,1.0,1,1,1,1,0,0,0.9166676,0.9166676,1,20+,correct,FR,source2
SYNTHETIC VALIDATION — NOT COMPETITION PERFORMANCE,E0002962,2962,41,0.8571439,3.4845052e-10,,0.8571439,,0,1,0,0,1,0,0.8571439,,1,20+,no_match_false_positive,US,none
SYNTHETIC VALIDATION — NOT COMPETITION PERFORMANCE,E0002965,2965,33,1.232351e-10,4.2306294e-11,,1.232351e-10,,0,0,0,0,0,0,8.0928805e-11,,0,20+,correct,US,none
SYNTHETIC VALIDATION — NOT COMPETITION PERFORMANCE,E0002967,2967,48,1.000001,8.9922854e-11,1.000001,8.9922854e-11,1.0,1,1,1,1,0,0,1.000001,1.000001,1,20+,correct,US,source3
SYNTHETIC VALIDATION — NOT COMPETITION PERFORMANCE,E0002971,2971,43,0.7222232,5.658263e-11,0.7222232,5.658263e-11,1.0,1,1,1,1,0,0,0.7222232,0.7222232,1,20+,correct,IN,source3
SYNTHETIC VALIDATION — NOT COMPETITION PERFORMANCE,E0002973,2973,31,1.000001,3.1081655e-11,1.000001,3.1081655e-11,1.0,1,1,1,1,0,0,1.000001,1.000001,1,20+,correct,US,source2
SYNTHETIC VALIDATION — NOT COMPETITION PERFORMANCE,E0002976,2976,42,1.000001,1.000001,1.000001,0.0013513525,1.0,4,3,3,4,0,1,0.0,0.9986496,3,20+,multi_under_selection,US,source2+source3
SYNTHETIC VALIDATION — NOT COMPETITION PERFORMANCE,E0002983,2983,40,2.1937717e-10,2.0254862e-10,,2.1937717e-10,,0,0,0,0,0,0,1.6828552e-11,,0,20+,correct,US,none
SYNTHETIC VALIDATION — NOT COMPETITION PERFORMANCE,E0002988,2988,42,1.000001,0.35714346,1.000001,0.35714346,1.0,1,1,1,1,0,0,0.6428575,0.6428575,1,20+,correct,US,source2
SYNTHETIC VALIDATION — NOT COMPETITION PERFORMANCE,E0002994,2994,44,0.69230866,0.35714364,0.69230866,0.35714364,1.0,1,1,1,2,0,1,0.33516502,0.33516502,1,20+,retrieval_miss,JP,source3
SYNTHETIC VALIDATION — NOT COMPETITION PERFORMANCE,E0003007,3007,46,0.8571439,0.0013513535,0.8571439,0.0013513535,1.0,1,1,1,1,0,0,0.8557925,0.8557925,1,20+,correct,IN,source2
SYNTHETIC VALIDATION — NOT COMPETITION PERFORMANCE,E0003009,3009,24,1.000001,8.880539e-11,1.000001,8.880539e-11,1.0,1,1,1,1,0,0,1.000001,1.000001,1,20+,correct,FR,source3
SYNTHETIC VALIDATION — NOT COMPETITION PERFORMANCE,E0003012,3012,39,1.000001,0.2758625,1.000001,0.2758625,1.0,1,1,1,1,0,0,0.7241385,0.7241385,1,20+,correct,US,source2
SYNTHETIC VALIDATION — NOT COMPETITION PERFORMANCE,E0003016,3016,41,0.0013513543,0.0013513541,,0.0013513543,,0,0,0,0,0,0,2.3283064e-10,,0,20+,correct,US,none
SYNTHETIC VALIDATION — NOT COMPETITION PERFORMANCE,E0003031,3031,36,1.000001,1.000001,1.000001,1.000001,2.0,1,2,1,1,1,0,0.0,0.0,2,20+,over_selection,DE,source3
SYNTHETIC VALIDATION — NOT COMPETITION PERFORMANCE,E0003034,3034,26,1.000001,0.3571438,1.000001,1.12220226e-10,1.0,2,1,1,2,0,1,0.6428572,1.000001,1,20+,multi_under_selection,US,source2+source3
SYNTHETIC VALIDATION — NOT COMPETITION PERFORMANCE,E0003042,3042,27,1.000001,0.0013513586,1.000001,0.0013513586,1.0,1,1,1,1,0,0,0.9986496,0.9986496,1,20+,correct,FR,source2
SYNTHETIC VALIDATION — NOT COMPETITION PERFORMANCE,E0003043,3043,38,1.000001,1.000001,1.000001,0.0013513527,1.0,3,3,3,3,0,0,0.0,0.9986496,3,20+,correct,US,source2+source3
SYNTHETIC VALIDATION — NOT COMPETITION PERFORMANCE,E0003050,3050,21,1.000001,1.000001,1.000001,7.287306e-11,1.0,2,2,2,2,0,0,0.0,1.000001,2,20+,correct,DE,source2+source3
SYNTHETIC VALIDATION — NOT COMPETITION PERFORMANCE,E0003064,3064,43,1.000001,1.000001,1.000001,7.715445e-11,1.0,3,3,3,3,0,0,0.0,1.000001,3,20+,correct,US,source2+source3
SYNTHETIC VALIDATION — NOT COMPETITION PERFORMANCE,E0003066,3066,56,0.35714355,0.019607853,,0.35714355,,0,0,0,1,0,1,0.3375357,,0,20+,retrieval_miss,US,source3
SYNTHETIC VALIDATION — NOT COMPETITION PERFORMANCE,E0003067,3067,22,1.000001,0.0013513545,1.000001,0.0013513545,1.0,1,1,1,1,0,0,0.9986496,0.9986496,1,20+,correct,BR,source2
SYNTHETIC VALIDATION — NOT COMPETITION PERFORMANCE,E0003072,3072,39,1.000001,1.000001,1.000001,0.023809537,1.0,4,4,4,4,0,0,0.0,0.9761914,4,20+,correct,IN,source2+source3
SYNTHETIC VALIDATION — NOT COMPETITION PERFORMANCE,E0003074,3074,27,1.000001,0.08333337,1.000001,2.5514288e-10,1.0,2,1,1,2,0,1,0.9166676,1.000001,1,20+,multi_under_selection,US,source2+source3
SYNTHETIC VALIDATION — NOT COMPETITION PERFORMANCE,E0003076,3076,39,1.000001,1.2158158e-10,1.000001,1.2158158e-10,1.0,1,1,1,1,0,0,1.000001,1.000001,1,20+,correct,JP,source2
SYNTHETIC VALIDATION — NOT COMPETITION PERFORMANCE,E0003077,3077,42,0.12068973,0.08333338,0.12068973,0.08333338,1.0,1,0,0,1,0,1,0.037356347,0.037356347,0,20+,decision_miss,FR,source2
SYNTHETIC VALIDATION — NOT COMPETITION PERFORMANCE,E0003094,3094,40,0.900001,0.8571439,0.900001,0.0013513521,1.0,2,2,2,2,0,0,0.04285711,0.89864963,2,20+,correct,IN,source2
SYNTHETIC VALIDATION — NOT COMPETITION PERFORMANCE,E0003097,3097,25,2.8079e-10,3.998203e-11,,2.8079e-10,,0,0,0,0,0,0,2.4080798e-10,,0,20+,correct,IN,none
SYNTHETIC VALIDATION — NOT COMPETITION PERFORMANCE,E0003098,3098,26,1.000001,1.6156367e-10,1.000001,1.6156367e-10,1.0,1,1,1,1,0,0,1.000001,1.000001,1,20+,correct,DE,source3
SYNTHETIC VALIDATION — NOT COMPETITION PERFORMANCE,E0003103,3103,36,1.6271477e-10,7.361596e-11,,1.6271477e-10,,0,0,0,0,0,0,8.909881e-11,,0,20+,correct,BR,none
SYNTHETIC VALIDATION — NOT COMPETITION PERFORMANCE,E0003110,3110,30,1.000001,1.000001,1.000001,0.08333337,1.0,4,4,4,4,0,0,0.0,0.9166676,4,20+,correct,BR,source2+source3
SYNTHETIC VALIDATION — NOT COMPETITION PERFORMANCE,E0003112,3112,38,1.000001,0.001351355,1.000001,0.001351355,1.0,1,1,1,1,0,0,0.9986496,0.9986496,1,20+,correct,US,source3
SYNTHETIC VALIDATION — NOT COMPETITION PERFORMANCE,E0003120,3120,38,0.8571439,0.001351352,0.8571439,0.001351352,1.0,1,1,1,1,0,0,0.8557925,0.8557925,1,20+,correct,DE,source3
SYNTHETIC VALIDATION — NOT COMPETITION PERFORMANCE,E0003122,3122,29,1.1900791e-10,5.4301126e-11,,1.1900791e-10,,0,0,0,0,0,0,6.470679e-11,,0,20+,correct,JP,none
SYNTHETIC VALIDATION — NOT COMPETITION PERFORMANCE,E0003125,3125,39,0.875001,0.001351352,0.875001,0.001351352,1.0,1,1,1,1,0,0,0.87364966,0.87364966,1,20+,correct,US,source2
SYNTHETIC VALIDATION — NOT COMPETITION PERFORMANCE,E0003127,3127,34,3.1576648e-11,2.4142712e-11,,3.1576648e-11,,0,0,0,0,0,0,7.433935e-12,,0,20+,correct,IN,none
SYNTHETIC VALIDATION — NOT COMPETITION PERFORMANCE,E0003128,3128,31,0.0013513521,1.00673456e-10,,0.0013513521,,0,0,0,0,0,0,0.001351352,,0,20+,correct,US,none
SYNTHETIC VALIDATION — NOT COMPETITION PERFORMANCE,E0003135,3135,38,1.000001,1.000001,1.000001,0.70000094,1.0,2,2,2,2,0,0,0.0,0.3,3,20+,correct,US,source2
SYNTHETIC VALIDATION — NOT COMPETITION PERFORMANCE,E0003137,3137,38,1.1694272e-10,2.5227365e-11,,1.1694272e-10,,0,0,0,0,0,0,9.171536e-11,,0,20+,correct,BR,none
SYNTHETIC VALIDATION — NOT COMPETITION PERFORMANCE,E0003142,3142,51,1.000001,0.0013513522,1.000001,0.0013513522,1.0,1,1,1,1,0,0,0.9986496,0.9986496,1,20+,correct,IN,source3
SYNTHETIC VALIDATION — NOT COMPETITION PERFORMANCE,E0003147,3147,20,0.7222233,9.673791e-11,0.7222233,9.673791e-11,1.0,1,1,1,1,0,0,0.7222233,0.7222233,1,5-20,correct,IN,source2
SYNTHETIC VALIDATION — NOT COMPETITION PERFORMANCE,E0003155,3155,15,3.981443e-11,3.2412868e-11,,3.981443e-11,,0,0,0,0,0,0,7.401562e-12,,0,5-20,correct,FR,none
SYNTHETIC VALIDATION — NOT COMPETITION PERFORMANCE,E0003158,3158,35,1.000001,0.0013513518,1.000001,0.0013513518,1.0,1,1,1,1,0,0,0.9986496,0.9986496,1,20+,correct,FR,source3
SYNTHETIC VALIDATION — NOT COMPETITION PERFORMANCE,E0003159,3159,45,0.7222232,0.120689794,0.7222232,0.120689794,1.0,1,1,1,1,0,0,0.6015334,0.6015334,1,20+,correct,US,source2
SYNTHETIC VALIDATION — NOT COMPETITION PERFORMANCE,E0003170,3170,40,1.000001,1.000001,1.000001,1.3567915e-10,1.0,2,2,2,2,0,0,0.0,1.000001,2,20+,correct,IN,source3
SYNTHETIC VALIDATION — NOT COMPETITION PERFORMANCE,E0003172,3172,37,1.000001,1.000001,1.000001,1.9145341e-10,1.0,2,2,2,2,0,0,0.0,1.000001,2,20+,correct,US,source2+source3
SYNTHETIC VALIDATION — NOT COMPETITION PERFORMANCE,E0003173,3173,47,0.120689765,0.0013513602,,0.120689765,,0,0,0,0,0,0,0.11933841,,0,20+,correct,US,none
SYNTHETIC VALIDATION — NOT COMPETITION PERFORMANCE,E0003179,3179,37,1.000001,1.000001,1.000001,1.4831002e-10,1.0,4,4,4,4,0,0,0.0,1.000001,4,20+,correct,JP,source2+source3
SYNTHETIC VALIDATION — NOT COMPETITION PERFORMANCE,E0003181,3181,36,0.8571438,9.108341e-11,0.8571438,9.108341e-11,1.0,1,1,1,1,0,0,0.8571438,0.8571438,1,20+,correct,US,source3
SYNTHETIC VALIDATION — NOT COMPETITION PERFORMANCE,E0003188,3188,27,0.85714394,8.7153916e-11,0.85714394,8.7153916e-11,1.0,1,1,1,1,0,0,0.85714394,0.85714394,1,20+,correct,BR,source2
SYNTHETIC VALIDATION — NOT COMPETITION PERFORMANCE,E0003190,3190,40,6.2323015e-11,3.4544093e-11,,6.2323015e-11,,0,0,0,0,0,0,2.7778922e-11,,0,20+,correct,IN,none
SYNTHETIC VALIDATION — NOT COMPETITION PERFORMANCE,E0003191,3191,24,1.000001,1.000001,1.000001,3.516513e-10,1.0,2,2,2,2,0,0,0.0,1.000001,2,20+,correct,FR,source2+source3
SYNTHETIC VALIDATION — NOT COMPETITION PERFORMANCE,E0003201,3201,32,0.001351352,0.0013513518,,0.001351352,,0,0,0,0,0,0,1.1641532e-10,,0,20+,correct,US,none
SYNTHETIC VALIDATION — NOT COMPETITION PERFORMANCE,E0003203,3203,29,1.000001,4.2110218e-11,1.000001,4.2110218e-11,1.0,1,1,1,1,0,0,1.000001,1.000001,1,20+,correct,FR,source3
SYNTHETIC VALIDATION — NOT COMPETITION PERFORMANCE,E0003216,3216,35,0.900001,0.120689884,0.900001,0.120689884,1.0,1,1,1,1,0,0,0.7793111,0.7793111,1,20+,correct,FR,source2
SYNTHETIC VALIDATION — NOT COMPETITION PERFORMANCE,E0003223,3223,46,0.0013513521,0.001351352,,0.0013513521,,0,0,0,0,0,0,1.1641532e-10,,0,20+,correct,US,none
SYNTHETIC VALIDATION — NOT COMPETITION PERFORMANCE,E0003227,3227,38,2.8894223e-10,2.8230066e-11,,2.8894223e-10,,0,0,0,0,0,0,2.6071217e-10,,0,20+,correct,US,none
SYNTHETIC VALIDATION — NOT COMPETITION PERFORMANCE,E0003239,3239,23,1.000001,3.752826e-10,1.000001,3.752826e-10,1.0,1,1,1,1,0,0,1.000001,1.000001,1,20+,correct,FR,source3
SYNTHETIC VALIDATION — NOT COMPETITION PERFORMANCE,E0003243,3243,35,9.7346964e-11,2.288312e-11,,9.7346964e-11,,0,0,0,0,0,0,7.4463845e-11,,0,20+,correct,JP,none
SYNTHETIC VALIDATION — NOT COMPETITION PERFORMANCE,E0003248,3248,50,0.27586251,2.697347e-10,,0.27586251,,0,0,0,0,0,0,0.27586251,,0,20+,correct,DE,none
SYNTHETIC VALIDATION — NOT COMPETITION PERFORMANCE,E0003256,3256,38,1.000001,0.35714355,1.000001,0.0013513518,1.0,2,1,1,2,0,1,0.64285743,0.9986496,1,20+,multi_under_selection,DE,source2
SYNTHETIC VALIDATION — NOT COMPETITION PERFORMANCE,E0003266,3266,40,0.001351352,2.987368e-10,,0.001351352,,0,0,0,0,0,0,0.0013513516,,0,20+,correct,US,none
SYNTHETIC VALIDATION — NOT COMPETITION PERFORMANCE,E0003271,3271,43,0.019607855,2.232767e-10,,0.019607855,,0,0,0,1,0,1,0.019607855,,0,20+,retrieval_miss,US,source3
SYNTHETIC VALIDATION — NOT COMPETITION PERFORMANCE,E0003273,3273,21,1.4701786e-10,2.6791316e-11,,1.4701786e-10,,0,0,0,0,0,0,1.2022654e-10,,0,20+,correct,US,none
SYNTHETIC VALIDATION — NOT COMPETITION PERFORMANCE,E0003285,3285,34,7.3450745e-11,2.6371632e-11,,7.3450745e-11,,0,0,0,0,0,0,4.707911e-11,,0,20+,correct,DE,none
SYNTHETIC VALIDATION — NOT COMPETITION PERFORMANCE,E0003286,3286,31,0.7684878,0.12068976,,0.7684878,,0,1,0,0,1,0,0.64779806,,1,20+,no_match_false_positive,FR,none
SYNTHETIC VALIDATION — NOT COMPETITION PERFORMANCE,E0003290,3290,48,1.000001,0.0013513523,1.000001,0.0013513523,1.0,1,1,1,1,0,0,0.9986496,0.9986496,1,20+,correct,US,source2
SYNTHETIC VALIDATION — NOT COMPETITION PERFORMANCE,E0003292,3292,27,1.000001,0.27586251,1.000001,0.27586251,1.0,1,1,1,1,0,0,0.72413844,0.72413844,1,20+,correct,IN,source2
SYNTHETIC VALIDATION — NOT COMPETITION PERFORMANCE,E0003294,3294,51,1.000001,0.0013513538,1.000001,0.0013513538,1.0,1,1,1,1,0,0,0.9986496,0.9986496,1,20+,correct,US,source3
SYNTHETIC VALIDATION — NOT COMPETITION PERFORMANCE,E0003312,3312,27,1.000001,0.0013513527,1.000001,0.0013513527,1.0,1,1,1,1,0,0,0.9986496,0.9986496,1,20+,correct,US,source2
SYNTHETIC VALIDATION — NOT COMPETITION PERFORMANCE,E0003313,3313,23,0.019607857,1.4857517e-10,,0.019607857,,0,0,0,0,0,0,0.019607857,,0,20+,correct,JP,none
SYNTHETIC VALIDATION — NOT COMPETITION PERFORMANCE,E0003314,3314,40,0.0013513525,0.0013513521,,0.0013513525,,0,0,0,0,0,0,4.656613e-10,,0,20+,correct,JP,none
SYNTHETIC VALIDATION — NOT COMPETITION PERFORMANCE,E0003324,3324,28,1.8597204e-10,4.754101e-11,,1.8597204e-10,,0,0,0,0,0,0,1.3843103e-10,,0,20+,correct,JP,none
SYNTHETIC VALIDATION — NOT COMPETITION PERFORMANCE,E0003327,3327,45,0.0013513528,0.0013513518,,0.0013513528,,0,0,0,0,0,0,9.313226e-10,,0,20+,correct,IN,none
SYNTHETIC VALIDATION — NOT COMPETITION PERFORMANCE,E0003334,3334,32,1.000001,1.7357116e-10,1.000001,1.7357116e-10,1.0,1,1,1,1,0,0,1.000001,1.000001,1,20+,correct,BR,source3
SYNTHETIC VALIDATION — NOT COMPETITION PERFORMANCE,E0003337,3337,20,0.900001,0.27586243,0.900001,0.27586243,1.0,1,1,1,1,0,0,0.6241386,0.6241386,1,5-20,correct,DE,source3
SYNTHETIC VALIDATION — NOT COMPETITION PERFORMANCE,E0003341,3341,31,0.019607855,2.7308614e-10,,0.019607855,,0,0,0,1,0,1,0.019607855,,0,20+,retrieval_miss,US,source2
SYNTHETIC VALIDATION — NOT COMPETITION PERFORMANCE,E0003346,3346,24,1.000001,2.8183879e-11,1.000001,2.8183879e-11,1.0,1,1,1,1,0,0,1.000001,1.000001,1,20+,correct,JP,source2
SYNTHETIC VALIDATION — NOT COMPETITION PERFORMANCE,E0003356,3356,32,1.000001,1.000001,1.000001,0.019607855,1.0,4,2,2,4,0,2,0.0,0.9803931,3,20+,multi_under_selection,US,source2+source3
SYNTHETIC VALIDATION — NOT COMPETITION PERFORMANCE,E0003361,3361,32,1.000001,2.4818066e-11,1.000001,2.4818066e-11,1.0,1,1,1,1,0,0,1.000001,1.000001,1,20+,correct,JP,source2
SYNTHETIC VALIDATION — NOT COMPETITION PERFORMANCE,E0003370,3370,33,0.875001,3.862173e-11,0.875001,3.862173e-11,1.0,1,1,1,1,0,0,0.875001,0.875001,1,20+,correct,IN,source2
SYNTHETIC VALIDATION — NOT COMPETITION PERFORMANCE,E0003386,3386,43,1.000001,1.6062945e-10,1.000001,1.6062945e-10,1.0,1,1,1,1,0,0,1.000001,1.000001,1,20+,correct,DE,source3
SYNTHETIC VALIDATION — NOT COMPETITION PERFORMANCE,E0003389,3389,32,0.900001,1.6938032e-10,0.900001,1.6938032e-10,1.0,1,1,1,1,0,0,0.900001,0.900001,1,20+,correct,JP,source2
SYNTHETIC VALIDATION — NOT COMPETITION PERFORMANCE,E0003392,3392,38,1.000001,0.0013513523,1.000001,0.0013513523,1.0,1,1,1,1,0,0,0.9986496,0.9986496,1,20+,correct,US,source3
SYNTHETIC VALIDATION — NOT COMPETITION PERFORMANCE,E0003393,3393,38,1.000001,0.900001,1.000001,6.467193e-11,1.0,2,2,2,2,0,0,0.099999964,1.000001,2,20+,correct,JP,source2
SYNTHETIC VALIDATION — NOT COMPETITION PERFORMANCE,E0003406,3406,45,0.33333397,0.083333395,,0.33333397,,0,0,0,0,0,0,0.25000057,,0,20+,correct,IN,none
SYNTHETIC VALIDATION — NOT COMPETITION PERFORMANCE,E0003418,3418,40,1.4958426e-10,1.09509894e-10,,1.4958426e-10,,0,0,0,0,0,0,4.0074367e-11,,0,20+,correct,US,none
SYNTHETIC VALIDATION — NOT COMPETITION PERFORMANCE,E0003419,3419,25,1.000001,1.000001,1.000001,0.0013513531,1.0,2,2,2,2,0,0,0.0,0.9986496,2,20+,correct,FR,source2+source3
SYNTHETIC VALIDATION — NOT COMPETITION PERFORMANCE,E0003426,3426,51,5.992745e-11,4.729062e-11,,5.992745e-11,,0,0,0,0,0,0,1.26368326e-11,,0,20+,correct,JP,none
SYNTHETIC VALIDATION — NOT COMPETITION PERFORMANCE,E0003429,3429,31,0.0013513528,0.0013513518,,0.0013513528,,0,0,0,0,0,0,9.313226e-10,,0,20+,correct,IN,none
SYNTHETIC VALIDATION — NOT COMPETITION PERFORMANCE,E0003432,3432,39,1.000001,0.0013513524,1.000001,0.0013513524,1.0,1,1,1,1,0,0,0.9986496,0.9986496,1,20+,correct,DE,source3
SYNTHETIC VALIDATION — NOT COMPETITION PERFORMANCE,E0003438,3438,41,7.7719775e-11,3.6593065e-11,,7.7719775e-11,,0,0,0,0,0,0,4.112671e-11,,0,20+,correct,DE,none
SYNTHETIC VALIDATION — NOT COMPETITION PERFORMANCE,E0003442,3442,30,1.000001,0.001351352,1.000001,0.001351352,1.0,1,1,1,1,0,0,0.9986496,0.9986496,1,20+,correct,FR,source3
SYNTHETIC VALIDATION — NOT COMPETITION PERFORMANCE,E0003446,3446,24,1.000001,5.312039e-11,1.000001,5.312039e-11,1.0,1,1,1,1,0,0,1.000001,1.000001,1,20+,correct,FR,source2
SYNTHETIC VALIDATION — NOT COMPETITION PERFORMANCE,E0003451,3451,32,0.0013513532,5.2444396e-11,,0.0013513532,,0,0,0,0,0,0,0.0013513532,,0,20+,correct,BR,none
SYNTHETIC VALIDATION — NOT COMPETITION PERFORMANCE,E0003454,3454,28,1.000001,0.7222232,1.000001,1.5508071e-10,1.0,2,1,1,2,0,1,0.27777773,1.000001,2,20+,multi_under_selection,US,source3
SYNTHETIC VALIDATION — NOT COMPETITION PERFORMANCE,E0003455,3455,35,0.0013513529,0.0013513522,,0.0013513529,,0,0,0,0,0,0,6.9849193e-10,,0,20+,correct,IN,none
SYNTHETIC VALIDATION — NOT COMPETITION PERFORMANCE,E0003456,3456,40,0.001351352,2.4936178e-10,,0.001351352,,0,0,0,0,0,0,0.0013513517,,0,20+,correct,IN,none
SYNTHETIC VALIDATION — NOT COMPETITION PERFORMANCE,E0003466,3466,20,8.808121e-11,2.2688344e-11,,8.808121e-11,,0,0,0,0,0,0,6.5392865e-11,,0,5-20,correct,BR,none
SYNTHETIC VALIDATION — NOT COMPETITION PERFORMANCE,E0003467,3467,13,1.000001,1.2409318e-10,1.000001,1.2409318e-10,1.0,1,1,1,1,0,0,1.000001,1.000001,1,5-20,correct,DE,source2
SYNTHETIC VALIDATION — NOT COMPETITION PERFORMANCE,E0003470,3470,36,1.000001,0.083333395,1.000001,0.083333395,1.0,1,1,1,1,0,0,0.9166676,0.9166676,1,20+,correct,FR,source3
SYNTHETIC VALIDATION — NOT COMPETITION PERFORMANCE,E0003475,3475,23,0.0013513522,1.3142823e-10,,0.0013513522,,0,0,0,0,0,0,0.0013513521,,0,20+,correct,DE,none
SYNTHETIC VALIDATION — NOT COMPETITION PERFORMANCE,E0003476,3476,46,1.000001,0.103386484,1.000001,0.103386484,1.0,1,1,1,1,0,0,0.8966145,0.8966145,1,20+,correct,US,source3
SYNTHETIC VALIDATION — NOT COMPETITION PERFORMANCE,E0003480,3480,21,1.000001,0.0013513523,1.000001,0.0013513523,1.0,1,1,1,1,0,0,0.9986496,0.9986496,1,20+,correct,US,source3
SYNTHETIC VALIDATION — NOT COMPETITION PERFORMANCE,E0003483,3483,29,1.4562908e-10,8.795105e-11,,1.4562908e-10,,0,0,0,0,0,0,5.767803e-11,,0,20+,correct,DE,none
SYNTHETIC VALIDATION — NOT COMPETITION PERFORMANCE,E0003484,3484,22,1.000001,0.85714394,1.000001,0.08333339,1.0,2,2,2,2,0,0,0.14285702,0.9166676,2,20+,correct,FR,source2+source3
SYNTHETIC VALIDATION — NOT COMPETITION PERFORMANCE,E0003488,3488,49,0.27586257,0.0833334,0.27586257,0.0833334,1.0,1,0,0,1,0,1,0.19252917,0.19252917,0,20+,decision_miss,BR,source3
SYNTHETIC VALIDATION — NOT COMPETITION PERFORMANCE,E0003494,3494,41,0.37500095,0.35714367,,0.37500095,,0,0,0,0,0,0,0.017857283,,0,20+,correct,US,none
SYNTHETIC VALIDATION — NOT COMPETITION PERFORMANCE,E0003496,3496,32,1.000001,0.85714394,1.000001,0.0013513586,1.0,2,2,2,2,0,0,0.14285702,0.9986496,2,20+,correct,US,source2+source3
SYNTHETIC VALIDATION — NOT COMPETITION PERFORMANCE,E0003509,3509,37,1.000001,0.1206899,1.000001,0.1206899,1.0,1,1,1,1,0,0,0.8793111,0.8793111,1,20+,correct,FR,source2
SYNTHETIC VALIDATION — NOT COMPETITION PERFORMANCE,E0003522,3522,33,1.000001,0.02380954,1.000001,0.02380954,1.0,1,1,1,1,0,0,0.9761914,0.9761914,1,20+,correct,BR,source2
SYNTHETIC VALIDATION — NOT COMPETITION PERFORMANCE,E0003526,3526,42,1.000001,1.1688826e-10,1.000001,1.1688826e-10,1.0,1,1,1,1,0,0,1.000001,1.000001,1,20+,correct,IN,source3
SYNTHETIC VALIDATION — NOT COMPETITION PERFORMANCE,E0003527,3527,43,1.000001,1.000001,1.000001,0.0013513518,1.0,3,2,2,4,0,2,0.0,0.9986496,3,20+,multi_under_selection,JP,source2+source3
SYNTHETIC VALIDATION — NOT COMPETITION PERFORMANCE,E0003530,3530,35,1.000001,1.000001,1.000001,0.12500036,1.0,3,2,2,3,0,1,0.0,0.8750006,3,20+,multi_under_selection,BR,source2+source3
SYNTHETIC VALIDATION — NOT COMPETITION PERFORMANCE,E0003534,3534,23,1.000001,0.0013513543,1.000001,0.0013513543,1.0,1,1,1,1,0,0,0.9986496,0.9986496,1,20+,correct,DE,source3
SYNTHETIC VALIDATION — NOT COMPETITION PERFORMANCE,E0003556,3556,41,0.35714367,8.4814065e-11,0.35714367,8.4814065e-11,1.0,1,0,0,1,0,1,0.35714367,0.35714367,0,20+,decision_miss,US,source2
SYNTHETIC VALIDATION — NOT COMPETITION PERFORMANCE,E0003564,3564,25,1.000001,0.12500031,1.000001,0.12500031,1.0,1,1,1,1,0,0,0.87500066,0.87500066,1,20+,correct,IN,source2
SYNTHETIC VALIDATION — NOT COMPETITION PERFORMANCE,E0003572,3572,15,5.0588794e-11,1.5532863e-11,,5.0588794e-11,,0,0,0,0,0,0,3.505593e-11,,0,5-20,correct,DE,none
SYNTHETIC VALIDATION — NOT COMPETITION PERFORMANCE,E0003576,3576,39,0.0013513579,0.0013513562,,0.0013513579,,0,0,0,0,0,0,1.7462298e-09,,0,20+,correct,DE,none
SYNTHETIC VALIDATION — NOT COMPETITION PERFORMANCE,E0003578,3578,18,3.0950294e-11,1.3494563e-11,,3.0950294e-11,,0,0,0,0,0,0,1.7455731e-11,,0,5-20,correct,DE,none
SYNTHETIC VALIDATION — NOT COMPETITION PERFORMANCE,E0003585,3585,39,0.12068974,6.438185e-11,,0.12068974,,0,0,0,0,0,0,0.12068974,,0,20+,correct,BR,none
SYNTHETIC VALIDATION — NOT COMPETITION PERFORMANCE,E0003587,3587,47,1.2673486e-10,4.8740276e-11,,1.2673486e-10,,0,0,0,0,0,0,7.799458e-11,,0,20+,correct,US,none
SYNTHETIC VALIDATION — NOT COMPETITION PERFORMANCE,E0003594,3594,34,0.08333338,0.083333366,,0.08333338,,0,0,0,0,0,0,1.4901161e-08,,0,20+,correct,US,none
SYNTHETIC VALIDATION — NOT COMPETITION PERFORMANCE,E0003596,3596,41,0.900001,0.083333366,0.900001,0.083333366,1.0,1,1,1,1,0,0,0.8166676,0.8166676,1,20+,correct,JP,source2
SYNTHETIC VALIDATION — NOT COMPETITION PERFORMANCE,E0003600,3600,24,1.000001,1.000001,1.000001,2.12788e-11,1.0,4,3,3,4,0,1,0.0,1.000001,4,20+,multi_under_selection,JP,source2+source3
SYNTHETIC VALIDATION — NOT COMPETITION PERFORMANCE,E0003604,3604,27,7.3290735e-11,1.6699211e-11,,7.3290735e-11,,0,0,0,0,0,0,5.6591523e-11,,0,20+,correct,DE,none
SYNTHETIC VALIDATION — NOT COMPETITION PERFORMANCE,E0003608,3608,20,1.000001,1.000001,1.000001,0.27586246,1.0,4,4,4,4,0,0,0.0,0.7241385,4,5-20,correct,IN,source2+source3
SYNTHETIC VALIDATION — NOT COMPETITION PERFORMANCE,E0003621,3621,30,1.6657896e-10,3.0275896e-11,,1.6657896e-10,,0,0,0,0,0,0,1.3630307e-10,,0,20+,correct,US,none
SYNTHETIC VALIDATION — NOT COMPETITION PERFORMANCE,E0003627,3627,23,2.2000503e-10,7.341933e-11,,2.2000503e-10,,0,0,0,0,0,0,1.4658569e-10,,0,20+,correct,DE,none
SYNTHETIC VALIDATION — NOT COMPETITION PERFORMANCE,E0003628,3628,43,0.7222232,0.083333395,0.7222232,0.083333395,1.0,1,1,1,1,0,0,0.63888985,0.63888985,1,20+,correct,FR,source2
SYNTHETIC VALIDATION — NOT COMPETITION PERFORMANCE,E0003629,3629,30,1.000001,0.0013513544,1.000001,0.0013513544,1.0,1,1,1,1,0,0,0.9986496,0.9986496,1,20+,correct,US,source2
SYNTHETIC VALIDATION — NOT COMPETITION PERFORMANCE,E0003639,3639,28,1.000001,1.0064002e-10,1.000001,1.0064002e-10,1.0,1,1,1,1,0,0,1.000001,1.000001,1,20+,correct,DE,source3
SYNTHETIC VALIDATION — NOT COMPETITION PERFORMANCE,E0003643,3643,39,0.1206899,0.08333337,,0.1206899,,0,0,0,0,0,0,0.037356526,,0,20+,correct,DE,none
SYNTHETIC VALIDATION — NOT COMPETITION PERFORMANCE,E0003644,3644,36,0.900001,0.12068994,0.900001,0.12068994,1.0,1,1,1,1,0,0,0.77931106,0.77931106,1,20+,correct,BR,source2
SYNTHETIC VALIDATION — NOT COMPETITION PERFORMANCE,E0003645,3645,39,1.000001,0.083333366,1.000001,0.083333366,1.0,1,1,1,1,0,0,0.9166676,0.9166676,1,20+,correct,US,source2
SYNTHETIC VALIDATION — NOT COMPETITION PERFORMANCE,E0003646,3646,46,1.000001,0.35714373,1.000001,3.8973068e-11,1.0,2,1,1,2,0,1,0.6428572,1.000001,1,20+,multi_under_selection,US,source2+source3
SYNTHETIC VALIDATION — NOT COMPETITION PERFORMANCE,E0003657,3657,37,1.000001,0.08333337,1.000001,0.08333337,1.0,1,1,1,1,0,0,0.9166676,0.9166676,1,20+,correct,US,source2
SYNTHETIC VALIDATION — NOT COMPETITION PERFORMANCE,E0003658,3658,34,1.000001,1.000001,1.000001,2.3357186e-10,1.0,3,3,3,3,0,0,0.0,1.000001,3,20+,correct,US,source2+source3
SYNTHETIC VALIDATION — NOT COMPETITION PERFORMANCE,E0003662,3662,40,0.12068984,0.0013513586,0.12068984,0.0013513586,1.0,1,0,0,1,0,1,0.11933848,0.11933848,0,20+,decision_miss,FR,source3
SYNTHETIC VALIDATION — NOT COMPETITION PERFORMANCE,E0003664,3664,24,0.33333394,2.6400737e-10,,0.33333394,,0,0,0,1,0,1,0.33333394,,0,20+,retrieval_miss,US,source2
SYNTHETIC VALIDATION — NOT COMPETITION PERFORMANCE,E0003672,3672,22,0.0013513552,0.0013513522,,0.0013513552,,0,0,0,0,0,0,3.0267984e-09,,0,20+,correct,JP,none
SYNTHETIC VALIDATION — NOT COMPETITION PERFORMANCE,E0003674,3674,28,0.023809545,0.019607853,,0.023809545,,0,0,0,0,0,0,0.0042016916,,0,20+,correct,FR,none
SYNTHETIC VALIDATION — NOT COMPETITION PERFORMANCE,E0003675,3675,12,1.000001,3.002412e-10,1.000001,3.002412e-10,1.0,1,1,1,1,0,0,1.000001,1.000001,1,5-20,correct,DE,source3
SYNTHETIC VALIDATION — NOT COMPETITION PERFORMANCE,E0003677,3677,50,0.0013513544,2.292192e-10,,0.0013513544,,0,0,0,0,0,0,0.0013513542,,0,20+,correct,US,none
SYNTHETIC VALIDATION — NOT COMPETITION PERFORMANCE,E0003678,3678,38,1.000001,1.842388e-10,1.000001,1.842388e-10,1.0,1,1,1,1,0,0,1.000001,1.000001,1,20+,correct,BR,source2
SYNTHETIC VALIDATION — NOT COMPETITION PERFORMANCE,E0003679,3679,28,0.37500098,0.023809537,0.37500098,0.023809537,1.0,1,0,0,1,0,1,0.35119146,0.35119146,0,20+,decision_miss,US,source3
SYNTHETIC VALIDATION — NOT COMPETITION PERFORMANCE,E0003680,3680,40,3.6133932e-10,4.1193396e-11,,3.6133932e-10,,0,0,0,0,0,0,3.201459e-10,,0,20+,correct,IN,none
SYNTHETIC VALIDATION — NOT COMPETITION PERFORMANCE,E0003686,3686,40,0.120689735,0.001351352,0.120689735,0.001351352,1.0,1,0,0,1,0,1,0.119338386,0.119338386,0,20+,decision_miss,US,source3
SYNTHETIC VALIDATION — NOT COMPETITION PERFORMANCE,E0003696,3696,20,1.000001,1.8096835e-11,1.000001,1.8096835e-11,1.0,1,1,1,1,0,0,1.000001,1.000001,1,5-20,correct,DE,source2
SYNTHETIC VALIDATION — NOT COMPETITION PERFORMANCE,E0003709,3709,32,7.046139e-11,3.9475673e-11,,7.046139e-11,,0,0,0,0,0,0,3.0985714e-11,,0,20+,correct,IN,none
SYNTHETIC VALIDATION — NOT COMPETITION PERFORMANCE,E0003716,3716,34,0.7222232,0.0013513518,0.7222232,0.0013513518,1.0,1,1,1,1,0,0,0.72087187,0.72087187,1,20+,correct,US,source2
SYNTHETIC VALIDATION — NOT COMPETITION PERFORMANCE,E0003720,3720,39,1.000001,0.85714394,1.000001,0.85714394,1.0,1,2,1,1,1,0,0.14285702,0.14285702,2,20+,over_selection,DE,source2
SYNTHETIC VALIDATION — NOT COMPETITION PERFORMANCE,E0003725,3725,27,1.000001,0.0013513522,1.000001,0.0013513522,1.0,1,1,1,1,0,0,0.9986496,0.9986496,1,20+,correct,DE,source2
SYNTHETIC VALIDATION — NOT COMPETITION PERFORMANCE,E0003727,3727,39,1.000001,1.8298635e-10,1.000001,1.8298635e-10,1.0,1,1,1,1,0,0,1.000001,1.000001,1,20+,correct,BR,source3
SYNTHETIC VALIDATION — NOT COMPETITION PERFORMANCE,E0003733,3733,33,1.000001,0.6944778,1.000001,0.6944778,1.0,1,1,1,1,0,0,0.30552316,0.30552316,2,20+,correct,FR,source2
SYNTHETIC VALIDATION — NOT COMPETITION PERFORMANCE,E0003738,3738,30,1.000001,0.0013513521,1.000001,0.0013513521,1.0,1,1,1,1,0,0,0.9986496,0.9986496,1,20+,correct,FR,source2
SYNTHETIC VALIDATION — NOT COMPETITION PERFORMANCE,E0003741,3741,35,1.000001,1.000001,1.000001,0.08333336,1.0,2,2,2,2,0,0,0.0,0.9166676,2,20+,correct,US,source2+source3
SYNTHETIC VALIDATION — NOT COMPETITION PERFORMANCE,E0003742,3742,35,1.000001,0.0013513523,1.000001,0.0013513523,1.0,1,1,1,1,0,0,0.9986496,0.9986496,1,20+,correct,FR,source2
SYNTHETIC VALIDATION — NOT COMPETITION PERFORMANCE,E0003743,3743,26,0.875001,0.001351352,0.875001,0.001351352,1.0,1,1,1,1,0,0,0.87364966,0.87364966,1,20+,correct,US,source3
SYNTHETIC VALIDATION — NOT COMPETITION PERFORMANCE,E0003745,3745,35,1.000001,1.000001,1.000001,0.08333339,1.0,2,2,2,2,0,0,0.0,0.9166676,2,20+,correct,FR,source2+source3
SYNTHETIC VALIDATION — NOT COMPETITION PERFORMANCE,E0003751,3751,27,1.000001,0.900001,1.000001,0.900001,1.0,2,3,2,2,1,0,0.099999964,0.099999964,3,20+,over_selection,IN,source2+source3
SYNTHETIC VALIDATION — NOT COMPETITION PERFORMANCE,E0003757,3757,35,0.08333339,0.0013513544,,0.08333339,,0,0,0,0,0,0,0.08198203,,0,20+,correct,JP,none
SYNTHETIC VALIDATION — NOT COMPETITION PERFORMANCE,E0003763,3763,42,0.083333395,0.0013513524,,0.083333395,,0,0,0,0,0,0,0.08198205,,0,20+,correct,IN,none
SYNTHETIC VALIDATION — NOT COMPETITION PERFORMANCE,E0003769,3769,39,1.000001,1.000001,1.000001,3.5094053e-11,1.0,2,2,2,2,0,0,0.0,1.000001,2,20+,correct,IN,source2+source3
SYNTHETIC VALIDATION — NOT COMPETITION PERFORMANCE,E0003771,3771,32,8.302095e-11,3.678859e-11,,8.302095e-11,,0,0,0,0,0,0,4.623236e-11,,0,20+,correct,DE,none
SYNTHETIC VALIDATION — NOT COMPETITION PERFORMANCE,E0003788,3788,29,1.000001,2.2755632e-10,1.000001,2.2755632e-10,1.0,1,1,1,1,0,0,1.000001,1.000001,1,20+,correct,JP,source2
SYNTHETIC VALIDATION — NOT COMPETITION PERFORMANCE,E0003793,3793,47,0.120689765,0.0013513602,,0.120689765,,0,0,0,0,0,0,0.11933841,,0,20+,correct,US,none
SYNTHETIC VALIDATION — NOT COMPETITION PERFORMANCE,E0003803,3803,19,1.000001,0.8571439,1.000001,0.12068987,1.0,3,3,3,3,0,0,0.14285707,0.8793111,3,5-20,correct,JP,source2+source3
SYNTHETIC VALIDATION — NOT COMPETITION PERFORMANCE,E0003814,3814,36,0.7222232,0.12068978,,0.7222232,,0,1,0,0,1,0,0.6015334,,1,20+,no_match_false_positive,US,none
SYNTHETIC VALIDATION — NOT COMPETITION PERFORMANCE,E0003822,3822,37,1.000001,1.000001,1.000001,1.5532938e-11,1.0,2,2,2,2,0,0,0.0,1.000001,2,20+,correct,JP,source2+source3
SYNTHETIC VALIDATION — NOT COMPETITION PERFORMANCE,E0003824,3824,30,1.000001,1.000001,1.000001,1.5011329e-11,1.0,3,2,2,3,0,1,0.0,1.000001,2,20+,multi_under_selection,BR,source2+source3
SYNTHETIC VALIDATION — NOT COMPETITION PERFORMANCE,E0003826,3826,23,1.000001,1.000001,1.000001,4.5092187e-11,1.0,3,3,3,3,0,0,0.0,1.000001,3,20+,correct,JP,source2
SYNTHETIC VALIDATION — NOT COMPETITION PERFORMANCE,E0003827,3827,40,0.0013513548,0.001351352,,0.0013513548,,0,0,0,0,0,0,2.7939677e-09,,0,20+,correct,US,none
SYNTHETIC VALIDATION — NOT COMPETITION PERFORMANCE,E0003828,3828,38,1.000001,1.4025628e-10,1.000001,1.4025628e-10,1.0,1,1,1,1,0,0,1.000001,1.000001,1,20+,correct,US,source2
SYNTHETIC VALIDATION — NOT COMPETITION PERFORMANCE,E0003837,3837,50,1.000001,0.0013513536,1.000001,0.0013513536,1.0,1,1,1,1,0,0,0.9986496,0.9986496,1,20+,correct,US,source2
SYNTHETIC VALIDATION — NOT COMPETITION PERFORMANCE,E0003849,3849,40,1.000001,1.3653792e-10,1.000001,1.3653792e-10,1.0,1,1,1,1,0,0,1.000001,1.000001,1,20+,correct,US,source2
SYNTHETIC VALIDATION — NOT COMPETITION PERFORMANCE,E0003851,3851,38,1.000001,0.0013513528,1.000001,0.0013513528,1.0,1,1,1,1,0,0,0.9986496,0.9986496,1,20+,correct,IN,source2
SYNTHETIC VALIDATION — NOT COMPETITION PERFORMANCE,E0003862,3862,44,0.0013513523,1.9158623e-11,,0.0013513523,,0,0,0,0,0,0,0.0013513523,,0,20+,correct,US,none
SYNTHETIC VALIDATION — NOT COMPETITION PERFORMANCE,E0003873,3873,40,2.125649e-11,1.4288836e-11,,2.125649e-11,,0,0,0,0,0,0,6.967654e-12,,0,20+,correct,US,none
SYNTHETIC VALIDATION — NOT COMPETITION PERFORMANCE,E0003878,3878,47,1.000001,2.6897047e-11,1.000001,2.6897047e-11,1.0,1,1,1,1,0,0,1.000001,1.000001,1,20+,correct,US,source3
SYNTHETIC VALIDATION — NOT COMPETITION PERFORMANCE,E0003879,3879,42,1.000001,2.73493e-10,1.000001,2.73493e-10,1.0,1,1,1,1,0,0,1.000001,1.000001,1,20+,correct,BR,source3
SYNTHETIC VALIDATION — NOT COMPETITION PERFORMANCE,E0003886,3886,45,0.083333395,0.0013513527,,0.083333395,,0,0,0,0,0,0,0.08198205,,0,20+,correct,FR,none
SYNTHETIC VALIDATION — NOT COMPETITION PERFORMANCE,E0003891,3891,34,0.0013513544,1.858954e-10,,0.0013513544,,0,0,0,0,0,0,0.0013513542,,0,20+,correct,BR,none
SYNTHETIC VALIDATION — NOT COMPETITION PERFORMANCE,E0003893,3893,26,1.000001,0.0013513528,1.000001,0.0013513528,1.0,1,1,1,1,0,0,0.9986496,0.9986496,1,20+,correct,IN,source3
SYNTHETIC VALIDATION — NOT COMPETITION PERFORMANCE,E0003894,3894,38,1.000001,1.000001,1.000001,0.0013513531,1.0,4,4,4,4,0,0,0.0,0.9986496,4,20+,correct,US,source2+source3
SYNTHETIC VALIDATION — NOT COMPETITION PERFORMANCE,E0003904,3904,29,1.000001,0.70000094,1.000001,0.70000094,1.0,2,1,1,2,0,1,0.3,0.3,2,20+,multi_under_selection,JP,source2+source3
SYNTHETIC VALIDATION — NOT COMPETITION PERFORMANCE,E0003909,3909,36,1.6135554e-10,1.5561595e-10,,1.6135554e-10,,0,0,0,0,0,0,5.7395894e-12,,0,20+,correct,JP,none
SYNTHETIC VALIDATION — NOT COMPETITION PERFORMANCE,E0003915,3915,42,0.0013513525,0.0013513522,,0.0013513525,,0,0,0,0,0,0,3.4924597e-10,,0,20+,correct,US,none
SYNTHETIC VALIDATION — NOT COMPETITION PERFORMANCE,E0003917,3917,40,1.1563325e-10,1.2209666e-11,,1.1563325e-10,,0,0,0,0,0,0,1.0342359e-10,,0,20+,correct,BR,none
SYNTHETIC VALIDATION — NOT COMPETITION PERFORMANCE,E0003923,3923,38,1.000001,0.12068975,1.000001,0.12068975,1.0,1,1,1,1,0,0,0.8793112,0.8793112,1,20+,correct,US,source3
SYNTHETIC VALIDATION — NOT COMPETITION PERFORMANCE,E0003926,3926,38,1.000001,1.8920306e-10,1.000001,1.8920306e-10,1.0,1,1,1,1,0,0,1.000001,1.000001,1,20+,correct,US,source3
SYNTHETIC VALIDATION — NOT COMPETITION PERFORMANCE,E0003932,3932,49,0.0013513567,3.5476025e-11,,0.0013513567,,0,0,0,0,0,0,0.0013513567,,0,20+,correct,US,none
SYNTHETIC VALIDATION — NOT COMPETITION PERFORMANCE,E0003935,3935,24,1.2563064e-10,1.1611829e-10,,1.2563064e-10,,0,0,0,0,0,0,9.512356e-12,,0,20+,correct,IN,none
SYNTHETIC VALIDATION — NOT COMPETITION PERFORMANCE,E0003936,3936,39,1.000001,3.1968053e-10,1.000001,3.1968053e-10,1.0,1,1,1,1,0,0,1.000001,1.000001,1,20+,correct,US,source3
SYNTHETIC VALIDATION — NOT COMPETITION PERFORMANCE,E0003938,3938,38,0.120689735,5.0857e-11,,0.120689735,,0,0,0,0,0,0,0.120689735,,0,20+,correct,JP,none
SYNTHETIC VALIDATION — NOT COMPETITION PERFORMANCE,E0003942,3942,39,1.000001,9.550175e-11,1.000001,9.550175e-11,1.0,1,1,1,1,0,0,1.000001,1.000001,1,20+,correct,FR,source2
SYNTHETIC VALIDATION — NOT COMPETITION PERFORMANCE,E0003946,3946,34,1.000001,0.120689794,1.000001,0.120689794,1.0,1,1,1,1,0,0,0.87931114,0.87931114,1,20+,correct,US,source3
SYNTHETIC VALIDATION — NOT COMPETITION PERFORMANCE,E0003951,3951,28,1.000001,1.000001,1.000001,6.804241e-11,1.0,4,4,4,4,0,0,0.0,1.000001,4,20+,correct,US,source2+source3
SYNTHETIC VALIDATION — NOT COMPETITION PERFORMANCE,E0003956,3956,40,0.0013513516,3.2989383e-10,,0.0013513516,,0,0,0,0,0,0,0.0013513513,,0,20+,correct,US,none
SYNTHETIC VALIDATION — NOT COMPETITION PERFORMANCE,E0003958,3958,38,1.3576554e-10,6.3365105e-11,,1.3576554e-10,,0,0,0,0,0,0,7.240043e-11,,0,20+,correct,DE,none
SYNTHETIC VALIDATION — NOT COMPETITION PERFORMANCE,E0003963,3963,25,1.000001,1.000001,1.000001,0.02380954,1.0,3,3,3,3,0,0,0.0,0.9761914,3,20+,correct,IN,source2+source3
SYNTHETIC VALIDATION — NOT COMPETITION PERFORMANCE,E0003991,3991,34,1.000001,1.000001,1.000001,0.001351353,1.0,2,2,2,2,0,0,0.0,0.9986496,2,20+,correct,US,source2+source3
SYNTHETIC VALIDATION — NOT COMPETITION PERFORMANCE,E0004003,4003,39,1.000001,2.390006e-10,1.000001,2.390006e-10,1.0,1,1,1,1,0,0,1.000001,1.000001,1,20+,correct,US,source3
SYNTHETIC VALIDATION — NOT COMPETITION PERFORMANCE,E0004011,4011,32,0.35714358,0.0013513521,,0.35714358,,0,0,0,0,0,0,0.35579222,,0,20+,correct,US,none
SYNTHETIC VALIDATION — NOT COMPETITION PERFORMANCE,E0004013,4013,34,0.001351352,1.3332899e-10,,0.001351352,,0,0,0,0,0,0,0.0013513518,,0,20+,correct,JP,none
SYNTHETIC VALIDATION — NOT COMPETITION PERFORMANCE,E0004018,4018,48,0.0013513569,1.0701306e-10,,0.0013513569,,0,0,0,0,0,0,0.0013513567,,0,20+,correct,JP,none
SYNTHETIC VALIDATION — NOT COMPETITION PERFORMANCE,E0004026,4026,10,0.69230866,0.0013513521,0.69230866,0.0013513521,1.0,1,1,1,1,0,0,0.6909573,0.6909573,1,5-20,correct,US,source3
SYNTHETIC VALIDATION — NOT COMPETITION PERFORMANCE,E0004035,4035,29,1.000001,1.000001,1.000001,2.5991468e-11,1.0,2,2,2,2,0,0,0.0,1.000001,2,20+,correct,DE,source2+source3
SYNTHETIC VALIDATION — NOT COMPETITION PERFORMANCE,E0004037,4037,38,0.001351353,0.0013513517,,0.001351353,,0,0,0,0,0,0,1.2805685e-09,,0,20+,correct,FR,none
SYNTHETIC VALIDATION — NOT COMPETITION PERFORMANCE,E0004046,4046,32,1.000001,0.8571439,1.000001,0.023809541,1.0,2,2,2,2,0,0,0.14285707,0.9761914,2,20+,correct,IN,source2
SYNTHETIC VALIDATION — NOT COMPETITION PERFORMANCE,E0004051,4051,24,0.0013513518,1.1308669e-10,,0.0013513518,,0,0,0,0,0,0,0.0013513517,,0,20+,correct,BR,none
SYNTHETIC VALIDATION — NOT COMPETITION PERFORMANCE,E0004056,4056,29,1.000001,7.8408106e-11,1.000001,7.8408106e-11,1.0,1,1,1,1,0,0,1.000001,1.000001,1,20+,correct,US,source3
SYNTHETIC VALIDATION — NOT COMPETITION PERFORMANCE,E0004057,4057,10,0.875001,0.0013513544,0.875001,0.0013513544,1.0,1,1,1,1,0,0,0.87364966,0.87364966,1,5-20,correct,DE,source3
SYNTHETIC VALIDATION — NOT COMPETITION PERFORMANCE,E0004065,4065,33,1.000001,4.7082383e-11,1.000001,4.7082383e-11,1.0,1,1,1,1,0,0,1.000001,1.000001,1,20+,correct,US,source3
SYNTHETIC VALIDATION — NOT COMPETITION PERFORMANCE,E0004070,4070,39,0.001351352,9.9363996e-11,,0.001351352,,0,0,0,0,0,0,0.0013513518,,0,20+,correct,IN,none
SYNTHETIC VALIDATION — NOT COMPETITION PERFORMANCE,E0004071,4071,44,0.70000094,0.023809543,,0.70000094,,0,1,0,0,1,0,0.6761914,,1,20+,no_match_false_positive,IN,none
SYNTHETIC VALIDATION — NOT COMPETITION PERFORMANCE,E0004073,4073,40,1.4815471e-10,5.844953e-11,,1.4815471e-10,,0,0,0,0,0,0,8.970518e-11,,0,20+,correct,BR,none
SYNTHETIC VALIDATION — NOT COMPETITION PERFORMANCE,E0004076,4076,39,1.000001,0.024219329,1.000001,0.024219329,1.0,1,1,1,1,0,0,0.9757816,0.9757816,1,20+,correct,BR,source3
SYNTHETIC VALIDATION — NOT COMPETITION PERFORMANCE,E0004087,4087,32,1.000001,1.2294216e-10,1.000001,1.2294216e-10,1.0,1,1,1,1,0,0,1.000001,1.000001,1,20+,correct,DE,source2
SYNTHETIC VALIDATION — NOT COMPETITION PERFORMANCE,E0004102,4102,23,1.000001,1.000001,1.000001,1.12091024e-10,1.0,2,2,2,2,0,0,0.0,1.000001,2,20+,correct,US,source2+source3
SYNTHETIC VALIDATION — NOT COMPETITION PERFORMANCE,E0004103,4103,33,1.000001,0.85714394,1.000001,0.85714394,1.0,1,2,1,1,1,0,0.14285702,0.14285702,2,20+,over_selection,FR,source2
SYNTHETIC VALIDATION — NOT COMPETITION PERFORMANCE,E0004106,4106,39,1.000001,0.0013513549,1.000001,0.0013513549,1.0,1,1,1,1,0,0,0.9986496,0.9986496,1,20+,correct,IN,source2
SYNTHETIC VALIDATION — NOT COMPETITION PERFORMANCE,E0004107,4107,36,1.000001,0.001351352,1.000001,0.001351352,1.0,1,1,1,1,0,0,0.9986496,0.9986496,1,20+,correct,DE,source2
SYNTHETIC VALIDATION — NOT COMPETITION PERFORMANCE,E0004110,4110,41,6.697018e-11,3.6308304e-11,,6.697018e-11,,0,0,0,0,0,0,3.0661876e-11,,0,20+,correct,IN,none
SYNTHETIC VALIDATION — NOT COMPETITION PERFORMANCE,E0004112,4112,50,1.000001,0.70000094,1.000001,1.1020642e-10,1.0,2,1,1,2,0,1,0.3,1.000001,2,20+,multi_under_selection,FR,source2+source3
SYNTHETIC VALIDATION — NOT COMPETITION PERFORMANCE,E0004117,4117,42,0.35714346,2.6453897e-10,,0.35714346,,0,0,0,0,0,0,0.35714346,,0,20+,correct,US,none
SYNTHETIC VALIDATION — NOT COMPETITION PERFORMANCE,E0004125,4125,31,0.900001,0.019607857,0.900001,0.019607857,1.0,1,1,1,1,0,0,0.88039315,0.88039315,1,20+,correct,US,source2
SYNTHETIC VALIDATION — NOT COMPETITION PERFORMANCE,E0004128,4128,38,0.0013513535,0.001351352,,0.0013513535,,0,0,0,0,0,0,1.5133992e-09,,0,20+,correct,IN,none
SYNTHETIC VALIDATION — NOT COMPETITION PERFORMANCE,E0004132,4132,40,8.654956e-11,8.5016744e-11,,8.654956e-11,,0,0,0,0,0,0,1.5328155e-12,,0,20+,correct,DE,none
SYNTHETIC VALIDATION — NOT COMPETITION PERFORMANCE,E0004145,4145,40,1.000001,0.0013513548,1.000001,0.0013513548,1.0,1,1,1,2,0,1,0.9986496,0.9986496,1,20+,retrieval_miss,IN,source2+source3
SYNTHETIC VALIDATION — NOT COMPETITION PERFORMANCE,E0004153,4153,46,1.000001,0.0013513518,1.000001,0.0013513518,1.0,1,1,1,1,0,0,0.9986496,0.9986496,1,20+,correct,US,source3
SYNTHETIC VALIDATION — NOT COMPETITION PERFORMANCE,E0004162,4162,26,1.000001,0.019607857,1.000001,0.019607857,1.0,1,1,1,1,0,0,0.9803931,0.9803931,1,20+,correct,US,source2
SYNTHETIC VALIDATION — NOT COMPETITION PERFORMANCE,E0004173,4173,38,1.000001,0.0013513537,1.000001,0.0013513537,1.0,1,1,1,1,0,0,0.9986496,0.9986496,1,20+,correct,US,source2
SYNTHETIC VALIDATION — NOT COMPETITION PERFORMANCE,E0004183,4183,42,0.0013513599,0.0013513543,,0.0013513599,,0,0,0,0,0,0,5.5879354e-09,,0,20+,correct,US,none
SYNTHETIC VALIDATION — NOT COMPETITION PERFORMANCE,E0004185,4185,37,1.000001,1.000001,1.000001,2.805823e-10,1.0,3,3,3,3,0,0,0.0,1.000001,3,20+,correct,FR,source2+source3
SYNTHETIC VALIDATION — NOT COMPETITION PERFORMANCE,E0004188,4188,40,0.85714394,0.0013513599,0.85714394,0.0013513599,1.0,1,1,1,1,0,0,0.8557926,0.8557926,1,20+,correct,US,source2
SYNTHETIC VALIDATION — NOT COMPETITION PERFORMANCE,E0004207,4207,27,1.000001,2.5067884e-10,1.000001,2.5067884e-10,1.0,1,1,1,1,0,0,1.000001,1.000001,1,20+,correct,DE,source2
SYNTHETIC VALIDATION — NOT COMPETITION PERFORMANCE,E0004211,4211,45,1.000001,1.000001,1.000001,1.0390102e-10,1.0,4,4,4,4,0,0,0.0,1.000001,4,20+,correct,FR,source2+source3
SYNTHETIC VALIDATION — NOT COMPETITION PERFORMANCE,E0004217,4217,39,1.000001,3.3972716e-10,1.000001,3.3972716e-10,1.0,1,1,1,1,0,0,1.000001,1.000001,1,20+,correct,IN,source3
SYNTHETIC VALIDATION — NOT COMPETITION PERFORMANCE,E0004218,4218,20,1.000001,1.000001,1.000001,2.81924e-10,1.0,2,2,2,2,0,0,0.0,1.000001,2,5-20,correct,FR,source2+source3
SYNTHETIC VALIDATION — NOT COMPETITION PERFORMANCE,E0004221,4221,38,1.000001,4.63586e-11,1.000001,4.63586e-11,1.0,1,1,1,1,0,0,1.000001,1.000001,1,20+,correct,FR,source2
SYNTHETIC VALIDATION — NOT COMPETITION PERFORMANCE,E0004225,4225,42,1.000001,0.08333336,1.000001,0.08333336,1.0,1,1,1,1,0,0,0.9166676,0.9166676,1,20+,correct,US,source2
SYNTHETIC VALIDATION — NOT COMPETITION PERFORMANCE,E0004227,4227,41,0.33333388,0.0013513598,0.33333388,0.0013513598,1.0,1,0,0,1,0,1,0.33198252,0.33198252,0,20+,decision_miss,US,source3
SYNTHETIC VALIDATION — NOT COMPETITION PERFORMANCE,E0004229,4229,39,0.0013513525,1.02567545e-10,,0.0013513525,,0,0,0,0,0,0,0.0013513524,,0,20+,correct,US,none
SYNTHETIC VALIDATION — NOT COMPETITION PERFORMANCE,E0004230,4230,36,1.000001,0.90000093,1.000001,0.3333339,1.0,3,3,3,3,0,0,0.100000024,0.66666704,3,20+,correct,JP,source2+source3
SYNTHETIC VALIDATION — NOT COMPETITION PERFORMANCE,E0004242,4242,25,0.900001,1.3271652e-10,0.900001,1.3271652e-10,1.0,1,1,1,1,0,0,0.900001,0.900001,1,20+,correct,FR,source3
SYNTHETIC VALIDATION — NOT COMPETITION PERFORMANCE,E0004243,4243,27,0.0013513527,4.9666462e-11,,0.0013513527,,0,0,0,0,0,0,0.0013513527,,0,20+,correct,JP,none
SYNTHETIC VALIDATION — NOT COMPETITION PERFORMANCE,E0004245,4245,36,1.3856115e-10,1.13540045e-10,,1.3856115e-10,,0,0,0,0,0,0,2.5021103e-11,,0,20+,correct,DE,none
SYNTHETIC VALIDATION — NOT COMPETITION PERFORMANCE,E0004251,4251,43,1.000001,6.9767934e-11,1.000001,6.9767934e-11,1.0,1,1,1,1,0,0,1.000001,1.000001,1,20+,correct,JP,source2
SYNTHETIC VALIDATION — NOT COMPETITION PERFORMANCE,E0004253,4253,21,2.676392e-10,4.4627396e-11,,2.676392e-10,,0,0,0,0,0,0,2.2301179e-10,,0,20+,correct,US,none
SYNTHETIC VALIDATION — NOT COMPETITION PERFORMANCE,E0004257,4257,35,1.000001,1.000001,1.000001,0.3571438,1.0,3,3,3,3,0,0,0.0,0.6428572,3,20+,correct,DE,source2+source3
SYNTHETIC VALIDATION — NOT COMPETITION PERFORMANCE,E0004261,4261,29,1.000001,1.958756e-10,1.000001,1.958756e-10,1.0,1,1,1,1,0,0,1.000001,1.000001,1,20+,correct,IN,source2
SYNTHETIC VALIDATION — NOT COMPETITION PERFORMANCE,E0004267,4267,39,0.90000093,1.6358102e-10,0.90000093,1.6358102e-10,1.0,1,1,1,1,0,0,0.90000093,0.90000093,1,20+,correct,FR,source2
SYNTHETIC VALIDATION — NOT COMPETITION PERFORMANCE,E0004268,4268,37,1.000001,1.000001,1.000001,2.2884845e-10,1.0,4,4,4,4,0,0,0.0,1.000001,4,20+,correct,US,source2+source3
SYNTHETIC VALIDATION — NOT COMPETITION PERFORMANCE,E0004271,4271,27,0.02380954,7.736956e-11,,0.02380954,,0,0,0,0,0,0,0.02380954,,0,20+,correct,DE,none
SYNTHETIC VALIDATION — NOT COMPETITION PERFORMANCE,E0004275,4275,15,9.74844e-11,2.412822e-11,,9.74844e-11,,0,0,0,0,0,0,7.335618e-11,,0,5-20,correct,FR,none
SYNTHETIC VALIDATION — NOT COMPETITION PERFORMANCE,E0004279,4279,37,3.231716e-10,3.2165665e-10,,3.231716e-10,,0,0,0,0,0,0,1.5149548e-12,,0,20+,correct,US,none
SYNTHETIC VALIDATION — NOT COMPETITION PERFORMANCE,E0004288,4288,34,0.35714376,0.35714364,0.35714364,0.35714376,2.0,1,0,0,1,0,1,1.1920929e-07,-1.1920929e-07,0,20+,model_miss,BR,source3
SYNTHETIC VALIDATION — NOT COMPETITION PERFORMANCE,E0004291,4291,32,3.9374507e-11,1.40323725e-11,,3.9374507e-11,,0,0,0,0,0,0,2.5342135e-11,,0,20+,correct,IN,none
SYNTHETIC VALIDATION — NOT COMPETITION PERFORMANCE,E0004294,4294,37,1.000001,1.000001,1.000001,2.2728865e-10,1.0,3,3,3,3,0,0,0.0,1.000001,3,20+,correct,JP,source2+source3
SYNTHETIC VALIDATION — NOT COMPETITION PERFORMANCE,E0004297,4297,27,1.000001,1.000001,1.000001,0.0013513523,1.0,3,3,3,3,0,0,0.0,0.9986496,3,20+,correct,BR,source2+source3
SYNTHETIC VALIDATION — NOT COMPETITION PERFORMANCE,E0004298,4298,24,0.7222232,9.4715714e-11,0.7222232,9.4715714e-11,1.0,1,1,1,1,0,0,0.7222232,0.7222232,1,20+,correct,DE,source3
SYNTHETIC VALIDATION — NOT COMPETITION PERFORMANCE,E0004301,4301,39,0.900001,0.0013513524,0.900001,0.0013513524,1.0,1,1,1,1,0,0,0.89864963,0.89864963,1,20+,correct,IN,source3
SYNTHETIC VALIDATION — NOT COMPETITION PERFORMANCE,E0004308,4308,17,1.2338079e-10,4.754914e-11,,1.2338079e-10,,0,0,0,0,0,0,7.5831647e-11,,0,5-20,correct,JP,none
SYNTHETIC VALIDATION — NOT COMPETITION PERFORMANCE,E0004310,4310,45,1.000001,1.000001,1.000001,6.70325e-11,1.0,2,2,2,2,0,0,0.0,1.000001,2,20+,correct,US,source2
SYNTHETIC VALIDATION — NOT COMPETITION PERFORMANCE,E0004317,4317,25,0.0013513537,1.0291814e-10,,0.0013513537,,0,0,0,0,0,0,0.0013513536,,0,20+,correct,US,none
SYNTHETIC VALIDATION — NOT COMPETITION PERFORMANCE,E0004321,4321,31,1.0211206e-10,9.741436e-11,,1.0211206e-10,,0,0,0,0,0,0,4.6977006e-12,,0,20+,correct,DE,none
SYNTHETIC VALIDATION — NOT COMPETITION PERFORMANCE,E0004328,4328,38,0.08333337,3.3081253e-11,,0.08333337,,0,0,0,0,0,0,0.08333337,,0,20+,correct,IN,none
SYNTHETIC VALIDATION — NOT COMPETITION PERFORMANCE,E0004330,4330,30,0.7222232,5.4446215e-11,0.7222232,5.4446215e-11,1.0,1,1,1,1,0,0,0.7222232,0.7222232,1,20+,correct,DE,source3
SYNTHETIC VALIDATION — NOT COMPETITION PERFORMANCE,E0004342,4342,16,1.000001,1.000001,1.000001,1.07164125e-10,1.0,2,2,2,2,0,0,0.0,1.000001,2,5-20,correct,DE,source2
SYNTHETIC VALIDATION — NOT COMPETITION PERFORMANCE,E0004346,4346,27,1.000001,3.9766163e-11,1.000001,3.9766163e-11,1.0,1,1,1,1,0,0,1.000001,1.000001,1,20+,correct,US,source2
SYNTHETIC VALIDATION — NOT COMPETITION PERFORMANCE,E0004351,4351,28,2.4873707e-11,2.4172253e-11,,2.4873707e-11,,0,0,0,0,0,0,7.014545e-13,,0,20+,correct,US,none
SYNTHETIC VALIDATION — NOT COMPETITION PERFORMANCE,E0004356,4356,40,1.000001,0.120689824,1.000001,0.120689824,1.0,1,1,1,1,0,0,0.87931114,0.87931114,1,20+,correct,FR,source3
SYNTHETIC VALIDATION — NOT COMPETITION PERFORMANCE,E0004358,4358,26,1.000001,2.2051642e-10,1.000001,2.2051642e-10,1.0,1,1,1,1,0,0,1.000001,1.000001,1,20+,correct,JP,source2
SYNTHETIC VALIDATION — NOT COMPETITION PERFORMANCE,E0004363,4363,38,1.000001,1.000001,1.000001,3.0601066e-10,1.0,2,2,2,2,0,0,0.0,1.000001,2,20+,correct,US,source2
SYNTHETIC VALIDATION — NOT COMPETITION PERFORMANCE,E0004385,4385,43,1.000001,1.0313655e-10,1.000001,1.0313655e-10,1.0,1,1,1,1,0,0,1.000001,1.000001,1,20+,correct,FR,source3
SYNTHETIC VALIDATION — NOT COMPETITION PERFORMANCE,E0004391,4391,39,1.000001,2.1680006e-10,1.000001,2.1680006e-10,1.0,1,1,1,1,0,0,1.000001,1.000001,1,20+,correct,US,source3
SYNTHETIC VALIDATION — NOT COMPETITION PERFORMANCE,E0004399,4399,38,1.000001,0.69230866,1.000001,0.001351352,1.0,2,1,1,2,0,1,0.3076923,0.9986496,2,20+,multi_under_selection,BR,source2+source3
SYNTHETIC VALIDATION — NOT COMPETITION PERFORMANCE,E0004406,4406,36,1.000001,0.083333366,1.000001,0.083333366,1.0,1,1,1,1,0,0,0.9166676,0.9166676,1,20+,correct,DE,source2
SYNTHETIC VALIDATION — NOT COMPETITION PERFORMANCE,E0004408,4408,35,1.000001,0.8571439,1.000001,0.001351354,1.0,2,2,2,2,0,0,0.14285707,0.9986496,2,20+,correct,IN,source2
SYNTHETIC VALIDATION — NOT COMPETITION PERFORMANCE,E0004413,4413,40,1.1128708e-10,7.180625e-11,,1.1128708e-10,,0,0,0,0,0,0,3.948083e-11,,0,20+,correct,US,none
SYNTHETIC VALIDATION — NOT COMPETITION PERFORMANCE,E0004415,4415,20,3.6551488e-11,2.2158624e-11,,3.6551488e-11,,0,0,0,0,0,0,1.4392864e-11,,0,5-20,correct,US,none
SYNTHETIC VALIDATION — NOT COMPETITION PERFORMANCE,E0004418,4418,49,1.000001,2.732513e-10,1.000001,2.732513e-10,1.0,1,1,1,1,0,0,1.000001,1.000001,1,20+,correct,BR,source2
SYNTHETIC VALIDATION — NOT COMPETITION PERFORMANCE,E0004427,4427,30,1.000001,0.0013513535,1.000001,0.0013513535,1.0,1,1,1,1,0,0,0.9986496,0.9986496,1,20+,correct,US,source2
SYNTHETIC VALIDATION — NOT COMPETITION PERFORMANCE,E0004433,4433,27,1.000001,1.000001,1.000001,0.08333339,1.0,2,2,2,2,0,0,0.0,0.9166676,2,20+,correct,JP,source2
SYNTHETIC VALIDATION — NOT COMPETITION PERFORMANCE,E0004435,4435,39,1.000001,1.6456879e-10,1.000001,1.6456879e-10,1.0,1,1,1,1,0,0,1.000001,1.000001,1,20+,correct,BR,source3
SYNTHETIC VALIDATION — NOT COMPETITION PERFORMANCE,E0004443,4443,39,1.000001,0.8571439,1.000001,6.998627e-11,1.0,2,2,2,2,0,0,0.14285707,1.000001,2,20+,correct,US,source2+source3
SYNTHETIC VALIDATION — NOT COMPETITION PERFORMANCE,E0004450,4450,30,0.001351352,0.0013513518,,0.001351352,,0,0,0,0,0,0,1.1641532e-10,,0,20+,correct,US,none
SYNTHETIC VALIDATION — NOT COMPETITION PERFORMANCE,E0004451,4451,50,0.37500095,1.0978407e-10,,0.37500095,,0,0,0,0,0,0,0.37500095,,0,20+,correct,US,none
SYNTHETIC VALIDATION — NOT COMPETITION PERFORMANCE,E0004452,4452,41,0.85714394,0.001351352,0.85714394,0.001351352,1.0,1,1,1,1,0,0,0.8557926,0.8557926,1,20+,correct,US,source2
SYNTHETIC VALIDATION — NOT COMPETITION PERFORMANCE,E0004455,4455,36,1.000001,1.000001,1.000001,1.07859235e-10,1.0,4,4,4,4,0,0,0.0,1.000001,4,20+,correct,IN,source2+source3
SYNTHETIC VALIDATION — NOT COMPETITION PERFORMANCE,E0004457,4457,46,0.019607853,2.2339282e-10,,0.019607853,,0,0,0,0,0,0,0.019607853,,0,20+,correct,BR,none
SYNTHETIC VALIDATION — NOT COMPETITION PERFORMANCE,E0004458,4458,29,1.000001,7.3944406e-11,1.000001,7.3944406e-11,1.0,1,1,1,1,0,0,1.000001,1.000001,1,20+,correct,DE,source2
SYNTHETIC VALIDATION — NOT COMPETITION PERFORMANCE,E0004465,4465,27,1.000001,9.776079e-11,1.000001,9.776079e-11,1.0,1,1,1,1,0,0,1.000001,1.000001,1,20+,correct,BR,source2
SYNTHETIC VALIDATION — NOT COMPETITION PERFORMANCE,E0004466,4466,55,1.000001,0.900001,1.000001,0.8571439,1.0,2,3,2,2,1,0,0.099999964,0.14285707,3,20+,over_selection,US,source2
SYNTHETIC VALIDATION — NOT COMPETITION PERFORMANCE,E0004467,4467,28,1.000001,3.3375587e-11,1.000001,3.3375587e-11,1.0,1,1,1,1,0,0,1.000001,1.000001,1,20+,correct,IN,source3
SYNTHETIC VALIDATION — NOT COMPETITION PERFORMANCE,E0004468,4468,48,1.000001,1.000001,1.000001,0.0833334,1.0,3,2,2,4,0,2,0.0,0.9166676,2,20+,multi_under_selection,BR,source2+source3
SYNTHETIC VALIDATION — NOT COMPETITION PERFORMANCE,E0004477,4477,24,9.9398705e-11,6.6343715e-11,,9.9398705e-11,,0,0,0,0,0,0,3.305499e-11,,0,20+,correct,DE,none
SYNTHETIC VALIDATION — NOT COMPETITION PERFORMANCE,E0004485,4485,59,1.000001,1.000001,1.000001,0.0013513584,1.0,3,3,3,4,0,1,0.0,0.9986496,3,20+,retrieval_miss,US,source2+source3
SYNTHETIC VALIDATION — NOT COMPETITION PERFORMANCE,E0004493,4493,31,1.000001,0.001351352,1.000001,0.001351352,1.0,1,1,1,1,0,0,0.9986496,0.9986496,1,20+,correct,IN,source2
SYNTHETIC VALIDATION — NOT COMPETITION PERFORMANCE,E0004497,4497,40,2.3486024e-10,5.6485962e-11,,2.3486024e-10,,0,0,0,0,0,0,1.7837429e-10,,0,20+,correct,IN,none
SYNTHETIC VALIDATION — NOT COMPETITION PERFORMANCE,E0004499,4499,41,0.900001,0.35714346,0.900001,0.0013513524,1.0,2,1,1,2,0,1,0.5428575,0.89864963,1,20+,multi_under_selection,US,source2+source3
SYNTHETIC VALIDATION — NOT COMPETITION PERFORMANCE,E0004503,4503,40,2.779415e-10,2.1983218e-10,,2.779415e-10,,0,0,0,0,0,0,5.8109323e-11,,0,20+,correct,US,none
SYNTHETIC VALIDATION — NOT COMPETITION PERFORMANCE,E0004508,4508,32,1.000001,5.1370325e-11,1.000001,5.1370325e-11,1.0,1,1,1,1,0,0,1.000001,1.000001,1,20+,correct,JP,source3
SYNTHETIC VALIDATION — NOT COMPETITION PERFORMANCE,E0004512,4512,28,0.12068981,0.0013513523,,0.12068981,,0,0,0,0,0,0,0.11933846,,0,20+,correct,DE,none
SYNTHETIC VALIDATION — NOT COMPETITION PERFORMANCE,E0004526,4526,40,1.000001,0.0013513528,1.000001,0.0013513528,1.0,1,1,1,1,0,0,0.9986496,0.9986496,1,20+,correct,FR,source3
SYNTHETIC VALIDATION — NOT COMPETITION PERFORMANCE,E0004527,4527,45,1.000001,0.69230866,1.000001,0.69230866,1.0,1,1,1,1,0,0,0.3076923,0.3076923,2,20+,correct,US,source2
SYNTHETIC VALIDATION — NOT COMPETITION PERFORMANCE,E0004529,4529,31,0.0013513521,1.1844682e-10,,0.0013513521,,0,0,0,0,0,0,0.001351352,,0,20+,correct,DE,none
SYNTHETIC VALIDATION — NOT COMPETITION PERFORMANCE,E0004544,4544,34,1.000001,0.35714358,1.000001,0.35714358,1.0,1,1,1,1,0,0,0.6428574,0.6428574,1,20+,correct,FR,source3
SYNTHETIC VALIDATION — NOT COMPETITION PERFORMANCE,E0004563,4563,17,0.35714358,1.2233646e-10,0.35714358,1.2233646e-10,1.0,1,0,0,1,0,1,0.35714358,0.35714358,0,5-20,decision_miss,DE,source3
SYNTHETIC VALIDATION — NOT COMPETITION PERFORMANCE,E0004564,4564,51,0.0013513527,2.665962e-10,,0.0013513527,,0,0,0,0,0,0,0.0013513524,,0,20+,correct,DE,none
SYNTHETIC VALIDATION — NOT COMPETITION PERFORMANCE,E0004566,4566,30,1.000001,2.1012297e-10,1.000001,2.1012297e-10,1.0,1,1,1,1,0,0,1.000001,1.000001,1,20+,correct,JP,source3
SYNTHETIC VALIDATION — NOT COMPETITION PERFORMANCE,E0004572,4572,26,1.000001,0.69230866,1.000001,0.08333339,1.0,3,1,1,3,0,2,0.3076923,0.9166676,2,20+,multi_under_selection,FR,source2+source3
SYNTHETIC VALIDATION — NOT COMPETITION PERFORMANCE,E0004576,4576,34,0.0013513548,1.76121e-10,,0.0013513548,,0,0,0,0,0,0,0.0013513545,,0,20+,correct,DE,none
SYNTHETIC VALIDATION — NOT COMPETITION PERFORMANCE,E0004581,4581,42,0.35714355,0.019607857,,0.35714355,,0,0,0,0,0,0,0.33753568,,0,20+,correct,FR,none
SYNTHETIC VALIDATION — NOT COMPETITION PERFORMANCE,E0004590,4590,33,1.000001,1.000001,1.000001,2.921868e-11,1.0,2,2,2,2,0,0,0.0,1.000001,2,20+,correct,FR,source2+source3
SYNTHETIC VALIDATION — NOT COMPETITION PERFORMANCE,E0004595,4595,48,1.000001,1.000001,1.000001,0.0013513592,1.0,4,3,3,4,0,1,0.0,0.9986496,4,20+,multi_under_selection,US,source2+source3
SYNTHETIC VALIDATION — NOT COMPETITION PERFORMANCE,E0004605,4605,58,0.019607855,0.019607853,,0.019607855,,0,0,0,0,0,0,1.8626451e-09,,0,20+,correct,US,none
SYNTHETIC VALIDATION — NOT COMPETITION PERFORMANCE,E0004608,4608,39,0.083333366,0.0013513527,,0.083333366,,0,0,0,0,0,0,0.08198202,,0,20+,correct,JP,none
SYNTHETIC VALIDATION — NOT COMPETITION PERFORMANCE,E0004610,4610,38,1.000001,0.0013513563,1.000001,0.0013513563,1.0,1,1,1,1,0,0,0.9986496,0.9986496,1,20+,correct,FR,source3
SYNTHETIC VALIDATION — NOT COMPETITION PERFORMANCE,E0004612,4612,39,1.000001,1.5036071e-10,1.000001,1.5036071e-10,1.0,1,1,1,1,0,0,1.000001,1.000001,1,20+,correct,US,source2
SYNTHETIC VALIDATION — NOT COMPETITION PERFORMANCE,E0004613,4613,41,1.000001,0.0013513527,1.000001,0.0013513527,1.0,1,1,1,1,0,0,0.9986496,0.9986496,1,20+,correct,FR,source3
SYNTHETIC VALIDATION — NOT COMPETITION PERFORMANCE,E0004616,4616,28,1.000001,1.09007164e-10,1.000001,1.09007164e-10,1.0,1,1,1,1,0,0,1.000001,1.000001,1,20+,correct,FR,source2
SYNTHETIC VALIDATION — NOT COMPETITION PERFORMANCE,E0004621,4621,33,1.000001,0.023809545,1.000001,0.023809545,1.0,1,1,1,1,0,0,0.9761914,0.9761914,1,20+,correct,DE,source2
SYNTHETIC VALIDATION — NOT COMPETITION PERFORMANCE,E0004625,4625,42,0.0013513538,0.0013513523,,0.0013513538,,0,0,0,0,0,0,1.5133992e-09,,0,20+,correct,US,none
SYNTHETIC VALIDATION — NOT COMPETITION PERFORMANCE,E0004633,4633,28,1.629239e-11,1.4034056e-11,,1.629239e-11,,0,0,0,0,0,0,2.2583333e-12,,0,20+,correct,US,none
SYNTHETIC VALIDATION — NOT COMPETITION PERFORMANCE,E0004635,4635,28,2.5633376e-11,1.2988635e-11,,2.5633376e-11,,0,0,0,0,0,0,1.264474e-11,,0,20+,correct,DE,none
SYNTHETIC VALIDATION — NOT COMPETITION PERFORMANCE,E0004639,4639,31,1.09217524e-10,3.663543e-11,,1.09217524e-10,,0,0,0,0,0,0,7.258209e-11,,0,20+,correct,US,none
SYNTHETIC VALIDATION — NOT COMPETITION PERFORMANCE,E0004644,4644,42,5.207676e-11,4.2251855e-11,,5.207676e-11,,0,0,0,0,0,0,9.824905e-12,,0,20+,correct,IN,none
SYNTHETIC VALIDATION — NOT COMPETITION PERFORMANCE,E0004648,4648,30,0.12500031,9.6578384e-11,,0.12500031,,0,0,0,0,0,0,0.12500031,,0,20+,correct,IN,none
SYNTHETIC VALIDATION — NOT COMPETITION PERFORMANCE,E0004654,4654,26,1.000001,1.000001,1.000001,1.7737102e-10,1.0,4,3,3,4,0,1,0.0,1.000001,3,20+,multi_under_selection,DE,source2+source3
SYNTHETIC VALIDATION — NOT COMPETITION PERFORMANCE,E0004656,4656,32,1.000001,1.000001,1.000001,1.11888804e-10,1.0,2,2,2,2,0,0,0.0,1.000001,2,20+,correct,US,source3
SYNTHETIC VALIDATION — NOT COMPETITION PERFORMANCE,E0004657,4657,38,1.000001,0.0013513524,1.000001,0.0013513524,1.0,1,1,1,1,0,0,0.9986496,0.9986496,1,20+,correct,US,source3
SYNTHETIC VALIDATION — NOT COMPETITION PERFORMANCE,E0004665,4665,41,0.001351352,1.5268092e-10,,0.001351352,,0,0,0,0,0,0,0.0013513518,,0,20+,correct,IN,none
SYNTHETIC VALIDATION — NOT COMPETITION PERFORMANCE,E0004666,4666,34,1.000001,0.08333337,1.000001,0.08333337,1.0,1,1,1,1,0,0,0.9166676,0.9166676,1,20+,correct,BR,source2
SYNTHETIC VALIDATION — NOT COMPETITION PERFORMANCE,E0004669,4669,25,1.000001,1.7890837e-10,1.000001,1.7890837e-10,1.0,1,1,1,1,0,0,1.000001,1.000001,1,20+,correct,DE,source2
SYNTHETIC VALIDATION — NOT COMPETITION PERFORMANCE,E0004671,4671,38,1.000001,0.0013513551,1.000001,0.0013513551,1.0,1,1,1,1,0,0,0.9986496,0.9986496,1,20+,correct,US,source2
SYNTHETIC VALIDATION — NOT COMPETITION PERFORMANCE,E0004678,4678,31,0.0013513518,2.3993663e-10,,0.0013513518,,0,0,0,0,0,0,0.0013513516,,0,20+,correct,US,none
SYNTHETIC VALIDATION — NOT COMPETITION PERFORMANCE,E0004681,4681,44,1.000001,0.11421211,1.000001,0.11421211,1.0,1,1,1,1,0,0,0.88578886,0.88578886,1,20+,correct,JP,source2
SYNTHETIC VALIDATION — NOT COMPETITION PERFORMANCE,E0004687,4687,41,1.000001,1.000001,1.000001,0.37500095,1.0,2,2,2,2,0,0,0.0,0.625,2,20+,correct,US,source2
SYNTHETIC VALIDATION — NOT COMPETITION PERFORMANCE,E0004688,4688,32,1.000001,0.0013513529,1.000001,0.0013513529,1.0,1,1,1,1,0,0,0.9986496,0.9986496,1,20+,correct,FR,source2
SYNTHETIC VALIDATION — NOT COMPETITION PERFORMANCE,E0004702,4702,27,2.6581745e-10,1.7517872e-10,,2.6581745e-10,,0,0,0,0,0,0,9.063873e-11,,0,20+,correct,DE,none
SYNTHETIC VALIDATION — NOT COMPETITION PERFORMANCE,E0004703,4703,34,1.000001,0.0013513523,1.000001,0.0013513523,1.0,1,1,1,1,0,0,0.9986496,0.9986496,1,20+,correct,BR,source3
SYNTHETIC VALIDATION — NOT COMPETITION PERFORMANCE,E0004705,4705,29,1.000001,1.000001,1.000001,0.0013513525,1.0,4,4,4,4,0,0,0.0,0.9986496,4,20+,correct,BR,source2+source3
SYNTHETIC VALIDATION — NOT COMPETITION PERFORMANCE,E0004713,4713,39,1.0135851e-10,7.0990276e-11,,1.0135851e-10,,0,0,0,0,0,0,3.0368236e-11,,0,20+,correct,US,none
SYNTHETIC VALIDATION — NOT COMPETITION PERFORMANCE,E0004718,4718,51,1.000001,0.12068984,1.000001,0.12068984,1.0,1,1,1,1,0,0,0.8793111,0.8793111,1,20+,correct,FR,source2
SYNTHETIC VALIDATION — NOT COMPETITION PERFORMANCE,E0004720,4720,37,1.000001,1.000001,1.000001,0.0013513527,1.0,4,4,4,4,0,0,0.0,0.9986496,4,20+,correct,US,source2+source3
SYNTHETIC VALIDATION — NOT COMPETITION PERFORMANCE,E0004722,4722,41,1.000001,0.900001,1.000001,0.120689765,1.0,2,2,2,2,0,0,0.099999964,0.8793112,2,20+,correct,BR,source3
SYNTHETIC VALIDATION — NOT COMPETITION PERFORMANCE,E0004728,4728,24,5.292601e-11,3.1720213e-11,,5.292601e-11,,0,0,0,0,0,0,2.1205798e-11,,0,20+,correct,US,none
SYNTHETIC VALIDATION — NOT COMPETITION PERFORMANCE,E0004729,4729,28,0.35714376,5.750435e-11,0.35714376,5.750435e-11,1.0,1,0,0,1,0,1,0.35714376,0.35714376,0,20+,decision_miss,US,source2
SYNTHETIC VALIDATION — NOT COMPETITION PERFORMANCE,E0004731,4731,34,0.875001,2.9272137e-10,0.875001,2.9272137e-10,1.0,1,1,1,1,0,0,0.875001,0.875001,1,20+,correct,IN,source2
SYNTHETIC VALIDATION — NOT COMPETITION PERFORMANCE,E0004732,4732,36,0.0013513577,2.8219144e-10,,0.0013513577,,0,0,0,0,0,0,0.0013513574,,0,20+,correct,US,none
SYNTHETIC VALIDATION — NOT COMPETITION PERFORMANCE,E0004737,4737,45,1.000001,0.0013513521,1.000001,0.0013513521,1.0,1,1,1,1,0,0,0.9986496,0.9986496,1,20+,correct,US,source2
SYNTHETIC VALIDATION — NOT COMPETITION PERFORMANCE,E0004743,4743,36,1.000001,0.0013513523,1.000001,0.0013513523,1.0,1,1,1,1,0,0,0.9986496,0.9986496,1,20+,correct,DE,source2
SYNTHETIC VALIDATION — NOT COMPETITION PERFORMANCE,E0004746,4746,42,0.001351354,3.6031228e-10,,0.001351354,,0,0,0,0,0,0,0.0013513536,,0,20+,correct,JP,none
SYNTHETIC VALIDATION — NOT COMPETITION PERFORMANCE,E0004758,4758,34,2.264796e-11,1.650546e-11,,2.264796e-11,,0,0,0,0,0,0,6.1424997e-12,,0,20+,correct,JP,none
SYNTHETIC VALIDATION — NOT COMPETITION PERFORMANCE,E0004759,4759,39,0.70000094,2.3857785e-10,,0.70000094,,0,1,0,0,1,0,0.70000094,,1,20+,no_match_false_positive,US,none
SYNTHETIC VALIDATION — NOT COMPETITION PERFORMANCE,E0004762,4762,16,0.8571439,5.0905228e-11,0.8571439,5.0905228e-11,1.0,1,1,1,1,0,0,0.8571439,0.8571439,1,5-20,correct,FR,source2
SYNTHETIC VALIDATION — NOT COMPETITION PERFORMANCE,E0004766,4766,39,1.000001,3.4007772e-11,1.000001,3.4007772e-11,1.0,1,1,1,1,0,0,1.000001,1.000001,1,20+,correct,US,source2
SYNTHETIC VALIDATION — NOT COMPETITION PERFORMANCE,E0004767,4767,21,0.0013513525,0.0013513522,,0.0013513525,,0,0,0,0,0,0,3.4924597e-10,,0,20+,correct,US,none
SYNTHETIC VALIDATION — NOT COMPETITION PERFORMANCE,E0004768,4768,46,8.860494e-11,5.0807313e-11,,8.860494e-11,,0,0,0,0,0,0,3.779763e-11,,0,20+,correct,US,none
SYNTHETIC VALIDATION — NOT COMPETITION PERFORMANCE,E0004769,4769,40,0.08333339,2.5002148e-10,,0.08333339,,0,0,0,0,0,0,0.08333339,,0,20+,correct,DE,none
SYNTHETIC VALIDATION — NOT COMPETITION PERFORMANCE,E0004773,4773,35,1.000001,0.37500095,1.000001,0.37500095,1.0,1,1,1,1,0,0,0.625,0.625,1,20+,correct,DE,source2
SYNTHETIC VALIDATION — NOT COMPETITION PERFORMANCE,E0004778,4778,40,0.900001,1.2683056e-10,0.900001,1.2683056e-10,1.0,1,1,1,1,0,0,0.900001,0.900001,1,20+,correct,US,source2
SYNTHETIC VALIDATION — NOT COMPETITION PERFORMANCE,E0004781,4781,23,1.000001,4.2910918e-11,1.000001,4.2910918e-11,1.0,1,1,1,1,0,0,1.000001,1.000001,1,20+,correct,US,source2
SYNTHETIC VALIDATION — NOT COMPETITION PERFORMANCE,E0004802,4802,34,1.000001,0.0013513521,1.000001,0.0013513521,1.0,1,1,1,1,0,0,0.9986496,0.9986496,1,20+,correct,DE,source2
SYNTHETIC VALIDATION — NOT COMPETITION PERFORMANCE,E0004805,4805,46,0.0013513565,1.9126994e-10,,0.0013513565,,0,0,0,0,0,0,0.0013513563,,0,20+,correct,DE,none
SYNTHETIC VALIDATION — NOT COMPETITION PERFORMANCE,E0004809,4809,40,7.950778e-11,5.915184e-11,,7.950778e-11,,0,0,0,0,0,0,2.035594e-11,,0,20+,correct,US,none
SYNTHETIC VALIDATION — NOT COMPETITION PERFORMANCE,E0004810,4810,44,0.8571439,0.120689765,0.8571439,0.120689765,1.0,1,1,1,1,0,0,0.7364541,0.7364541,1,20+,correct,US,source2
SYNTHETIC VALIDATION — NOT COMPETITION PERFORMANCE,E0004811,4811,31,0.0013513527,1.9847225e-10,,0.0013513527,,0,0,0,0,0,0,0.0013513524,,0,20+,correct,DE,none
SYNTHETIC VALIDATION — NOT COMPETITION PERFORMANCE,E0004829,4829,29,0.0013513524,1.4441387e-10,,0.0013513524,,0,0,0,0,0,0,0.0013513523,,0,20+,correct,DE,none
SYNTHETIC VALIDATION — NOT COMPETITION PERFORMANCE,E0004832,4832,27,1.000001,0.33333388,1.000001,0.33333388,1.0,1,1,1,1,0,0,0.6666671,0.6666671,1,20+,correct,US,source2
SYNTHETIC VALIDATION — NOT COMPETITION PERFORMANCE,E0004833,4833,56,1.000001,1.000001,1.000001,0.08333338,1.0,2,2,2,2,0,0,0.0,0.9166676,2,20+,correct,US,source2+source3
SYNTHETIC VALIDATION — NOT COMPETITION PERFORMANCE,E0004835,4835,30,1.000001,5.1283817e-11,1.000001,5.1283817e-11,1.0,1,1,1,1,0,0,1.000001,1.000001,1,20+,correct,JP,source2
SYNTHETIC VALIDATION — NOT COMPETITION PERFORMANCE,E0004836,4836,34,1.5115402e-10,7.7022035e-11,,1.5115402e-10,,0,0,0,0,0,0,7.4131985e-11,,0,20+,correct,US,none
SYNTHETIC VALIDATION — NOT COMPETITION PERFORMANCE,E0004840,4840,53,0.0013513551,0.001351355,,0.0013513551,,0,0,0,0,0,0,1.1641532e-10,,0,20+,correct,US,none
SYNTHETIC VALIDATION — NOT COMPETITION PERFORMANCE,E0004850,4850,29,0.7222232,7.5644095e-11,0.7222232,7.5644095e-11,1.0,1,1,1,1,0,0,0.7222232,0.7222232,1,20+,correct,FR,source3
SYNTHETIC VALIDATION — NOT COMPETITION PERFORMANCE,E0004855,4855,41,0.35714352,0.0013513537,0.35714352,0.0013513537,1.0,1,0,0,1,0,1,0.35579216,0.35579216,0,20+,decision_miss,BR,source3
SYNTHETIC VALIDATION — NOT COMPETITION PERFORMANCE,E0004861,4861,38,1.000001,1.000001,1.000001,0.0013513523,1.0,3,3,3,3,0,0,0.0,0.9986496,3,20+,correct,US,source2+source3
SYNTHETIC VALIDATION — NOT COMPETITION PERFORMANCE,E0004864,4864,41,1.000001,0.0013513599,1.000001,0.0013513599,1.0,1,1,1,1,0,0,0.9986496,0.9986496,1,20+,correct,US,source3
SYNTHETIC VALIDATION — NOT COMPETITION PERFORMANCE,E0004867,4867,49,1.000001,0.0013513571,1.000001,0.0013513571,1.0,1,1,1,1,0,0,0.9986496,0.9986496,1,20+,correct,US,source3
SYNTHETIC VALIDATION — NOT COMPETITION PERFORMANCE,E0004868,4868,35,0.12068976,0.0013513525,3.5205794e-10,0.12068976,8.0,1,0,0,1,0,1,0.11933841,-0.12068976,0,20+,model_miss,IN,source3
SYNTHETIC VALIDATION — NOT COMPETITION PERFORMANCE,E0004869,4869,56,1.000001,0.0013513534,1.000001,0.0013513534,1.0,1,1,1,1,0,0,0.9986496,0.9986496,1,20+,correct,US,source2
SYNTHETIC VALIDATION — NOT COMPETITION PERFORMANCE,E0004872,4872,39,1.000001,7.0236e-11,1.000001,7.0236e-11,1.0,1,1,1,1,0,0,1.000001,1.000001,1,20+,correct,IN,source2
SYNTHETIC VALIDATION — NOT COMPETITION PERFORMANCE,E0004887,4887,32,1.000001,0.001351353,1.000001,0.001351353,1.0,1,1,1,1,0,0,0.9986496,0.9986496,1,20+,correct,BR,source3
SYNTHETIC VALIDATION — NOT COMPETITION PERFORMANCE,E0004888,4888,55,0.90000105,0.019607853,0.90000105,0.019607853,1.0,1,1,1,1,0,0,0.8803932,0.8803932,1,20+,correct,US,source3
SYNTHETIC VALIDATION — NOT COMPETITION PERFORMANCE,E0004889,4889,25,1.000001,1.000001,1.000001,1.1838423e-11,1.0,4,4,4,4,0,0,0.0,1.000001,4,20+,correct,US,source2+source3
SYNTHETIC VALIDATION — NOT COMPETITION PERFORMANCE,E0004898,4898,45,0.0013513549,1.9582329e-10,,0.0013513549,,0,0,0,0,0,0,0.0013513546,,0,20+,correct,JP,none
SYNTHETIC VALIDATION — NOT COMPETITION PERFORMANCE,E0004901,4901,33,1.000001,1.0028798e-10,1.000001,1.0028798e-10,1.0,1,1,1,1,0,0,1.000001,1.000001,1,20+,correct,DE,source2
SYNTHETIC VALIDATION — NOT COMPETITION PERFORMANCE,E0004910,4910,49,0.0013513525,8.874479e-11,,0.0013513525,,0,0,0,0,0,0,0.0013513524,,0,20+,correct,US,none
SYNTHETIC VALIDATION — NOT COMPETITION PERFORMANCE,E0004917,4917,26,0.8571439,0.019607855,0.8571439,0.019607855,1.0,1,1,1,1,0,0,0.83753604,0.83753604,1,20+,correct,US,source3
SYNTHETIC VALIDATION — NOT COMPETITION PERFORMANCE,E0004923,4923,40,1.000001,7.8128316e-11,1.000001,7.8128316e-11,1.0,1,1,1,1,0,0,1.000001,1.000001,1,20+,correct,IN,source2
SYNTHETIC VALIDATION — NOT COMPETITION PERFORMANCE,E0004926,4926,29,1.000001,1.0278277e-10,1.000001,1.0278277e-10,1.0,1,1,1,1,0,0,1.000001,1.000001,1,20+,correct,US,source2
SYNTHETIC VALIDATION — NOT COMPETITION PERFORMANCE,E0004934,4934,52,1.000001,3.3272027e-10,1.000001,3.3272027e-10,1.0,1,1,1,1,0,0,1.000001,1.000001,1,20+,correct,IN,source2
SYNTHETIC VALIDATION — NOT COMPETITION PERFORMANCE,E0004937,4937,36,1.000001,4.7604518e-11,1.000001,4.7604518e-11,1.0,1,1,1,1,0,0,1.000001,1.000001,1,20+,correct,US,source2
SYNTHETIC VALIDATION — NOT COMPETITION PERFORMANCE,E0004939,4939,40,1.000001,3.6535888e-10,1.000001,3.6535888e-10,1.0,1,1,1,1,0,0,1.000001,1.000001,1,20+,correct,BR,source3
SYNTHETIC VALIDATION — NOT COMPETITION PERFORMANCE,E0004944,4944,23,1.000001,0.35714355,1.000001,0.35714355,1.0,1,1,1,1,0,0,0.64285743,0.64285743,1,20+,correct,US,source2
SYNTHETIC VALIDATION — NOT COMPETITION PERFORMANCE,E0004946,4946,30,3.4518895e-11,2.8710052e-11,,3.4518895e-11,,0,0,0,0,0,0,5.808843e-12,,0,20+,correct,DE,none
SYNTHETIC VALIDATION — NOT COMPETITION PERFORMANCE,E0004950,4950,25,0.35714352,5.9270956e-11,,0.35714352,,0,0,0,0,0,0,0.35714352,,0,20+,correct,FR,none
SYNTHETIC VALIDATION — NOT COMPETITION PERFORMANCE,E0004951,4951,44,0.35714364,0.08333336,,0.35714364,,0,0,0,0,0,0,0.27381027,,0,20+,correct,DE,none
SYNTHETIC VALIDATION — NOT COMPETITION PERFORMANCE,E0004952,4952,40,1.4186989e-10,9.184039e-11,,1.4186989e-10,,0,0,0,0,0,0,5.00295e-11,,0,20+,correct,BR,none
SYNTHETIC VALIDATION — NOT COMPETITION PERFORMANCE,E0004961,4961,40,1.000001,0.120689884,1.000001,0.120689884,1.0,1,1,1,1,0,0,0.8793111,0.8793111,1,20+,correct,FR,source2
SYNTHETIC VALIDATION — NOT COMPETITION PERFORMANCE,E0004965,4965,59,0.0013513584,0.001351356,,0.0013513584,,0,0,0,0,0,0,2.3283064e-09,,0,20+,correct,US,none
SYNTHETIC VALIDATION — NOT COMPETITION PERFORMANCE,E0004973,4973,46,1.000001,1.5458831e-10,1.000001,1.5458831e-10,1.0,1,1,1,1,0,0,1.000001,1.000001,1,20+,correct,JP,source3
SYNTHETIC VALIDATION — NOT COMPETITION PERFORMANCE,E0004992,4992,46,0.0013513524,0.0013513518,,0.0013513524,,0,0,0,0,0,0,5.820766e-10,,0,20+,correct,US,none
SYNTHETIC VALIDATION — NOT COMPETITION PERFORMANCE,E0004995,4995,23,1.000001,1.000001,1.000001,3.689851e-11,1.0,2,2,2,2,0,0,0.0,1.000001,2,20+,correct,IN,source2+source3
SYNTHETIC VALIDATION — NOT COMPETITION PERFORMANCE,E0004999,4999,43,1.000001,0.35714376,1.000001,0.35714376,1.0,1,1,1,1,0,0,0.6428572,0.6428572,1,20+,correct,US,source2
SYNTHETIC VALIDATION — NOT COMPETITION PERFORMANCE,E0005000,5000,33,0.0723498,0.0013513523,,0.0723498,,0,0,0,0,0,0,0.07099845,,0,20+,correct,FR,none
SYNTHETIC VALIDATION — NOT COMPETITION PERFORMANCE,E0005006,5006,24,1.000001,3.257227e-10,1.000001,3.257227e-10,1.0,1,1,1,1,0,0,1.000001,1.000001,1,20+,correct,US,source2
SYNTHETIC VALIDATION — NOT COMPETITION PERFORMANCE,E0005008,5008,39,1.000001,0.12068979,1.000001,3.3466876e-10,1.0,2,1,1,2,0,1,0.87931114,1.000001,1,20+,multi_under_selection,IN,source2+source3
SYNTHETIC VALIDATION — NOT COMPETITION PERFORMANCE,E0005011,5011,35,4.482904e-11,4.226753e-11,,4.482904e-11,,0,0,0,0,0,0,2.56151e-12,,0,20+,correct,BR,none
SYNTHETIC VALIDATION — NOT COMPETITION PERFORMANCE,E0005013,5013,47,0.0013513518,2.1763384e-10,,0.0013513518,,0,0,0,0,0,0,0.0013513516,,0,20+,correct,DE,none
SYNTHETIC VALIDATION — NOT COMPETITION PERFORMANCE,E0005017,5017,41,1.000001,1.000001,1.000001,1.8023004e-10,1.0,3,2,2,4,0,2,0.0,1.000001,2,20+,multi_under_selection,US,source2+source3
SYNTHETIC VALIDATION — NOT COMPETITION PERFORMANCE,E0005027,5027,28,1.2428329e-10,7.663119e-11,,1.2428329e-10,,0,0,0,0,0,0,4.7652104e-11,,0,20+,correct,IN,none
SYNTHETIC VALIDATION — NOT COMPETITION PERFORMANCE,E0005037,5037,40,1.000001,0.120689794,1.000001,0.120689794,1.0,1,1,1,1,0,0,0.87931114,0.87931114,1,20+,correct,US,source2
SYNTHETIC VALIDATION — NOT COMPETITION PERFORMANCE,E0005046,5046,38,1.000001,1.000001,1.000001,0.08333335,1.0,3,3,3,3,0,0,0.0,0.9166676,3,20+,correct,US,source2
SYNTHETIC VALIDATION — NOT COMPETITION PERFORMANCE,E0005047,5047,40,2.1311501e-10,1.7745767e-10,,2.1311501e-10,,0,0,0,0,0,0,3.5657338e-11,,0,20+,correct,IN,none
SYNTHETIC VALIDATION — NOT COMPETITION PERFORMANCE,E0005048,5048,40,0.0013513581,1.7720846e-10,,0.0013513581,,0,0,0,0,0,0,0.0013513579,,0,20+,correct,US,none
SYNTHETIC VALIDATION — NOT COMPETITION PERFORMANCE,E0005053,5053,25,1.000001,3.5501965e-10,1.000001,3.5501965e-10,1.0,1,1,1,1,0,0,1.000001,1.000001,1,20+,correct,US,source2
SYNTHETIC VALIDATION — NOT COMPETITION PERFORMANCE,E0005074,5074,36,1.000001,1.000001,1.000001,0.001351353,1.0,2,2,2,2,0,0,0.0,0.9986496,2,20+,correct,FR,source2
SYNTHETIC VALIDATION — NOT COMPETITION PERFORMANCE,E0005090,5090,33,0.0013513518,0.0013513517,,0.0013513518,,0,0,0,0,0,0,1.1641532e-10,,0,20+,correct,FR,none
SYNTHETIC VALIDATION — NOT COMPETITION PERFORMANCE,E0005092,5092,39,1.000001,0.85714394,1.000001,0.001351352,1.0,2,2,2,2,0,0,0.14285702,0.9986496,2,20+,correct,US,source2+source3
SYNTHETIC VALIDATION — NOT COMPETITION PERFORMANCE,E0005093,5093,26,0.12068981,1.9052547e-10,,0.12068981,,0,0,0,0,0,0,0.12068981,,0,20+,correct,DE,none
SYNTHETIC VALIDATION — NOT COMPETITION PERFORMANCE,E0005095,5095,32,1.000001,1.000001,1.000001,0.0013513522,1.0,3,3,3,3,0,0,0.0,0.9986496,3,20+,correct,US,source2+source3
SYNTHETIC VALIDATION — NOT COMPETITION PERFORMANCE,E0005106,5106,30,0.8571438,1.1407619e-10,0.8571438,1.1407619e-10,1.0,1,1,1,1,0,0,0.8571438,0.8571438,1,20+,correct,IN,source2
SYNTHETIC VALIDATION — NOT COMPETITION PERFORMANCE,E0005109,5109,46,1.000001,3.7991713e-10,1.000001,3.7991713e-10,1.0,1,1,1,1,0,0,1.000001,1.000001,1,20+,correct,IN,source2
SYNTHETIC VALIDATION — NOT COMPETITION PERFORMANCE,E0005115,5115,47,1.000001,1.000001,1.000001,0.0013513524,1.0,2,2,2,2,0,0,0.0,0.9986496,2,20+,correct,FR,source2+source3
SYNTHETIC VALIDATION — NOT COMPETITION PERFORMANCE,E0005119,5119,35,5.235003e-11,4.1611208e-11,,5.235003e-11,,0,0,0,0,0,0,1.0738823e-11,,0,20+,correct,JP,none
SYNTHETIC VALIDATION — NOT COMPETITION PERFORMANCE,E0005125,5125,34,1.3450645e-10,4.487611e-11,,1.3450645e-10,,0,0,0,0,0,0,8.963034e-11,,0,20+,correct,JP,none
SYNTHETIC VALIDATION — NOT COMPETITION PERFORMANCE,E0005132,5132,29,1.000001,0.0013513529,1.000001,0.0013513529,1.0,1,1,1,1,0,0,0.9986496,0.9986496,1,20+,correct,DE,source3
SYNTHETIC VALIDATION — NOT COMPETITION PERFORMANCE,E0005150,5150,39,1.000001,1.000001,1.000001,0.0833334,1.0,3,2,2,3,0,1,0.0,0.9166676,2,20+,multi_under_selection,BR,source2+source3
SYNTHETIC VALIDATION — NOT COMPETITION PERFORMANCE,E0005152,5152,56,1.000001,0.001351358,1.000001,0.001351358,1.0,1,1,1,1,0,0,0.9986496,0.9986496,1,20+,correct,US,source2
SYNTHETIC VALIDATION — NOT COMPETITION PERFORMANCE,E0005157,5157,52,1.000001,6.191925e-11,1.000001,6.191925e-11,1.0,1,1,1,1,0,0,1.000001,1.000001,1,20+,correct,US,source2
SYNTHETIC VALIDATION — NOT COMPETITION PERFORMANCE,E0005158,5158,39,1.000001,1.4100132e-11,1.000001,1.4100132e-11,1.0,1,1,1,1,0,0,1.000001,1.000001,1,20+,correct,US,source2
SYNTHETIC VALIDATION — NOT COMPETITION PERFORMANCE,E0005159,5159,40,1.000001,1.4666016e-10,1.000001,1.4666016e-10,1.0,1,1,1,1,0,0,1.000001,1.000001,1,20+,correct,DE,source2
SYNTHETIC VALIDATION — NOT COMPETITION PERFORMANCE,E0005160,5160,55,1.000001,0.0013513536,1.000001,0.0013513536,1.0,1,1,1,1,0,0,0.9986496,0.9986496,1,20+,correct,US,source3
SYNTHETIC VALIDATION — NOT COMPETITION PERFORMANCE,E0005165,5165,32,1.000001,0.900001,1.000001,0.0013513548,1.0,3,2,2,3,0,1,0.099999964,0.9986496,3,20+,multi_under_selection,IN,source2+source3
SYNTHETIC VALIDATION — NOT COMPETITION PERFORMANCE,E0005168,5168,21,1.000001,1.5517145e-10,1.000001,1.5517145e-10,1.0,1,1,1,1,0,0,1.000001,1.000001,1,20+,correct,DE,source2
SYNTHETIC VALIDATION — NOT COMPETITION PERFORMANCE,E0005169,5169,37,1.000001,1.000001,1.000001,6.033081e-11,1.0,3,3,3,3,0,0,0.0,1.000001,3,20+,correct,DE,source2
SYNTHETIC VALIDATION — NOT COMPETITION PERFORMANCE,E0005171,5171,41,1.000001,1.000001,1.000001,1.2661167e-10,1.0,3,3,3,3,0,0,0.0,1.000001,3,20+,correct,BR,source2+source3
SYNTHETIC VALIDATION — NOT COMPETITION PERFORMANCE,E0005177,5177,36,1.000001,1.000001,1.000001,8.133446e-11,1.0,4,4,4,4,0,0,0.0,1.000001,4,20+,correct,US,source2+source3
SYNTHETIC VALIDATION — NOT COMPETITION PERFORMANCE,E0005185,5185,43,1.000001,0.001351352,1.000001,0.001351352,1.0,1,1,1,1,0,0,0.9986496,0.9986496,1,20+,correct,US,source2
SYNTHETIC VALIDATION — NOT COMPETITION PERFORMANCE,E0005188,5188,49,1.000001,1.8132798e-10,1.000001,1.8132798e-10,1.0,1,1,1,1,0,0,1.000001,1.000001,1,20+,correct,FR,source2
SYNTHETIC VALIDATION — NOT COMPETITION PERFORMANCE,E0005196,5196,56,1.000001,0.019607853,1.000001,0.019607853,1.0,1,1,1,1,0,0,0.9803931,0.9803931,1,20+,correct,US,source2
SYNTHETIC VALIDATION — NOT COMPETITION PERFORMANCE,E0005202,5202,39,1.000001,2.4449198e-10,1.000001,2.4449198e-10,1.0,1,1,1,1,0,0,1.000001,1.000001,1,20+,correct,BR,source2
SYNTHETIC VALIDATION — NOT COMPETITION PERFORMANCE,E0005205,5205,35,1.000001,1.000001,1.000001,0.0013513544,1.0,2,2,2,2,0,0,0.0,0.9986496,2,20+,correct,US,source2+source3
SYNTHETIC VALIDATION — NOT COMPETITION PERFORMANCE,E0005206,5206,33,1.000001,1.000001,1.000001,0.023809545,1.0,3,3,3,3,0,0,0.0,0.9761914,3,20+,correct,FR,source2+source3
SYNTHETIC VALIDATION — NOT COMPETITION PERFORMANCE,E0005207,5207,41,1.000001,1.000001,1.000001,0.0013513532,1.0,2,2,2,2,0,0,0.0,0.9986496,2,20+,correct,IN,source2
SYNTHETIC VALIDATION — NOT COMPETITION PERFORMANCE,E0005211,5211,37,1.000001,1.000001,1.000001,3.6939174e-10,1.0,4,4,4,4,0,0,0.0,1.000001,4,20+,correct,IN,source2+source3
SYNTHETIC VALIDATION — NOT COMPETITION PERFORMANCE,E0005212,5212,32,0.001351352,0.001351352,,0.001351352,,0,0,0,0,0,0,0.0,,0,20+,correct,FR,none
SYNTHETIC VALIDATION — NOT COMPETITION PERFORMANCE,E0005215,5215,27,1.2652206e-10,1.2612502e-11,,1.2652206e-10,,0,0,0,0,0,0,1.13909555e-10,,0,20+,correct,DE,none
SYNTHETIC VALIDATION — NOT COMPETITION PERFORMANCE,E0005219,5219,46,0.02380954,1.77447e-10,,0.02380954,,0,0,0,0,0,0,0.02380954,,0,20+,correct,BR,none
SYNTHETIC VALIDATION — NOT COMPETITION PERFORMANCE,E0005224,5224,41,0.0013513517,6.5630335e-11,,0.0013513517,,0,0,0,0,0,0,0.0013513516,,0,20+,correct,FR,none
SYNTHETIC VALIDATION — NOT COMPETITION PERFORMANCE,E0005225,5225,32,1.000001,1.000001,1.000001,3.7956424e-10,1.0,4,2,2,4,0,2,0.0,1.000001,2,20+,multi_under_selection,US,source2+source3
SYNTHETIC VALIDATION — NOT COMPETITION PERFORMANCE,E0005226,5226,48,1.000001,0.120689854,1.000001,0.120689854,1.0,1,1,1,1,0,0,0.8793111,0.8793111,1,20+,correct,US,source3
SYNTHETIC VALIDATION — NOT COMPETITION PERFORMANCE,E0005227,5227,26,0.8571439,0.0013513518,0.8571439,0.0013513518,1.0,1,1,1,1,0,0,0.8557925,0.8557925,1,20+,correct,FR,source3
SYNTHETIC VALIDATION — NOT COMPETITION PERFORMANCE,E0005231,5231,37,1.000001,2.0267561e-10,1.000001,2.0267561e-10,1.0,1,1,1,1,0,0,1.000001,1.000001,1,20+,correct,JP,source2
SYNTHETIC VALIDATION — NOT COMPETITION PERFORMANCE,E0005242,5242,40,2.4483038e-10,2.7471221e-11,,2.4483038e-10,,0,0,0,0,0,0,2.1735916e-10,,0,20+,correct,US,none
SYNTHETIC VALIDATION — NOT COMPETITION PERFORMANCE,E0005250,5250,38,1.000001,1.220503e-10,1.000001,1.220503e-10,1.0,1,1,1,1,0,0,1.000001,1.000001,1,20+,correct,IN,source2
SYNTHETIC VALIDATION — NOT COMPETITION PERFORMANCE,E0005252,5252,39,1.000001,0.08333337,1.000001,0.08333337,1.0,1,1,1,1,0,0,0.9166676,0.9166676,1,20+,correct,FR,source2
SYNTHETIC VALIDATION — NOT COMPETITION PERFORMANCE,E0005254,5254,53,0.019607855,0.0013513535,,0.019607855,,0,0,0,0,0,0,0.018256502,,0,20+,correct,US,none
SYNTHETIC VALIDATION — NOT COMPETITION PERFORMANCE,E0005259,5259,12,0.001351352,7.08955e-11,,0.001351352,,0,0,0,0,0,0,0.0013513518,,0,5-20,correct,DE,none
SYNTHETIC VALIDATION — NOT COMPETITION PERFORMANCE,E0005261,5261,45,1.000001,1.8024707e-10,1.000001,1.8024707e-10,1.0,1,1,1,1,0,0,1.000001,1.000001,1,20+,correct,US,source2
SYNTHETIC VALIDATION — NOT COMPETITION PERFORMANCE,E0005264,5264,31,1.000001,1.000001,1.000001,1.0407976e-11,1.0,3,2,2,3,0,1,0.0,1.000001,2,20+,multi_under_selection,US,source2+source3
SYNTHETIC VALIDATION — NOT COMPETITION PERFORMANCE,E0005266,5266,44,1.000001,1.000001,1.000001,5.4364353e-11,1.0,2,2,2,2,0,0,0.0,1.000001,2,20+,correct,US,source2+source3
SYNTHETIC VALIDATION — NOT COMPETITION PERFORMANCE,E0005270,5270,30,1.000001,0.0013513521,1.000001,0.0013513521,1.0,1,1,1,1,0,0,0.9986496,0.9986496,1,20+,correct,US,source2
SYNTHETIC VALIDATION — NOT COMPETITION PERFORMANCE,E0005272,5272,26,1.000001,2.402788e-10,1.000001,2.402788e-10,1.0,1,1,1,1,0,0,1.000001,1.000001,1,20+,correct,US,source3
SYNTHETIC VALIDATION — NOT COMPETITION PERFORMANCE,E0005275,5275,40,2.219023e-11,1.5711933e-11,,2.219023e-11,,0,0,0,0,0,0,6.478297e-12,,0,20+,correct,US,none
SYNTHETIC VALIDATION — NOT COMPETITION PERFORMANCE,E0005277,5277,39,0.6923086,0.3571438,0.6923086,2.7504213e-10,1.0,2,1,1,2,0,1,0.33516482,0.6923086,1,20+,multi_under_selection,US,source2
SYNTHETIC VALIDATION — NOT COMPETITION PERFORMANCE,E0005279,5279,40,9.8797116e-11,5.903714e-11,,9.8797116e-11,,0,0,0,0,0,0,3.9759973e-11,,0,20+,correct,IN,none
SYNTHETIC VALIDATION — NOT COMPETITION PERFORMANCE,E0005285,5285,27,1.000001,0.0013513537,1.000001,0.0013513537,1.0,1,1,1,1,0,0,0.9986496,0.9986496,1,20+,correct,FR,source3
SYNTHETIC VALIDATION — NOT COMPETITION PERFORMANCE,E0005286,5286,59,1.000001,1.000001,1.000001,0.3571438,1.0,4,3,3,4,0,1,0.0,0.6428572,3,20+,multi_under_selection,US,source2+source3
SYNTHETIC VALIDATION — NOT COMPETITION PERFORMANCE,E0005287,5287,39,0.12068994,8.04805e-11,,0.12068994,,0,0,0,0,0,0,0.12068994,,0,20+,correct,IN,none
SYNTHETIC VALIDATION — NOT COMPETITION PERFORMANCE,E0005292,5292,25,2.539447e-11,1.9054685e-11,,2.539447e-11,,0,0,0,0,0,0,6.3397846e-12,,0,20+,correct,US,none
SYNTHETIC VALIDATION — NOT COMPETITION PERFORMANCE,E0005294,5294,38,1.4229927e-10,5.946473e-11,,1.4229927e-10,,0,0,0,0,0,0,8.283454e-11,,0,20+,correct,BR,none
SYNTHETIC VALIDATION — NOT COMPETITION PERFORMANCE,E0005301,5301,31,1.000001,1.000001,1.000001,0.0013513524,1.0,3,3,3,3,0,0,0.0,0.9986496,3,20+,correct,FR,source2+source3
SYNTHETIC VALIDATION — NOT COMPETITION PERFORMANCE,E0005309,5309,41,0.12068979,0.023809537,,0.12068979,,0,0,0,0,0,0,0.09688025,,0,20+,correct,IN,none
SYNTHETIC VALIDATION — NOT COMPETITION PERFORMANCE,E0005313,5313,38,1.000001,0.70000094,1.000001,1.1454661e-10,1.0,2,1,1,2,0,1,0.3,1.000001,2,20+,multi_under_selection,US,source2+source3
SYNTHETIC VALIDATION — NOT COMPETITION PERFORMANCE,E0005315,5315,40,0.0013513522,5.3570055e-11,,0.0013513522,,0,0,0,0,0,0,0.0013513522,,0,20+,correct,US,none
SYNTHETIC VALIDATION — NOT COMPETITION PERFORMANCE,E0005317,5317,58,0.120689936,0.02380954,0.120689936,0.02380954,1.0,1,0,0,1,0,1,0.0968804,0.0968804,0,20+,decision_miss,US,source3
SYNTHETIC VALIDATION — NOT COMPETITION PERFORMANCE,E0005320,5320,36,1.000001,0.35714364,1.000001,0.35714364,1.0,1,1,1,1,0,0,0.6428573,0.6428573,1,20+,correct,FR,source3
SYNTHETIC VALIDATION — NOT COMPETITION PERFORMANCE,E0005324,5324,36,1.000001,1.000001,1.000001,5.5804212e-11,1.0,4,4,4,4,0,0,0.0,1.000001,4,20+,correct,US,source2+source3
SYNTHETIC VALIDATION — NOT COMPETITION PERFORMANCE,E0005326,5326,23,1.000001,1.000001,1.000001,0.0013513529,1.0,2,2,2,2,0,0,0.0,0.9986496,2,20+,correct,BR,source2+source3
SYNTHETIC VALIDATION — NOT COMPETITION PERFORMANCE,E0005332,5332,25,0.900001,0.0013513559,0.900001,0.0013513559,1.0,1,1,1,1,0,0,0.89864963,0.89864963,1,20+,correct,FR,source2
SYNTHETIC VALIDATION — NOT COMPETITION PERFORMANCE,E0005333,5333,46,1.000001,0.0013513558,1.000001,0.0013513558,1.0,1,1,1,1,0,0,0.9986496,0.9986496,1,20+,correct,DE,source3
SYNTHETIC VALIDATION — NOT COMPETITION PERFORMANCE,E0005340,5340,48,1.000001,0.120689735,1.000001,0.120689735,1.0,1,1,1,1,0,0,0.8793112,0.8793112,1,20+,correct,DE,source2
SYNTHETIC VALIDATION — NOT COMPETITION PERFORMANCE,E0005352,5352,48,1.000001,2.2481778e-10,1.000001,2.2481778e-10,1.0,1,1,1,1,0,0,1.000001,1.000001,1,20+,correct,US,source3
SYNTHETIC VALIDATION — NOT COMPETITION PERFORMANCE,E0005365,5365,21,5.7924058e-11,4.2320692e-11,,5.7924058e-11,,0,0,0,0,0,0,1.5603366e-11,,0,20+,correct,DE,none
SYNTHETIC VALIDATION — NOT COMPETITION PERFORMANCE,E0005378,5378,31,0.083333395,1.796242e-11,0.083333395,1.796242e-11,1.0,1,0,0,1,0,1,0.083333395,0.083333395,0,20+,decision_miss,US,source3
SYNTHETIC VALIDATION — NOT COMPETITION PERFORMANCE,E0005379,5379,30,1.000001,5.2154735e-11,1.000001,5.2154735e-11,1.0,1,1,1,1,0,0,1.000001,1.000001,1,20+,correct,US,source2
SYNTHETIC VALIDATION — NOT COMPETITION PERFORMANCE,E0005386,5386,41,2.3275741e-10,1.3459542e-10,,2.3275741e-10,,0,0,0,0,0,0,9.816199e-11,,0,20+,correct,US,none
SYNTHETIC VALIDATION — NOT COMPETITION PERFORMANCE,E0005394,5394,40,1.000001,0.0013513524,1.000001,0.0013513524,1.0,1,1,1,1,0,0,0.9986496,0.9986496,1,20+,correct,FR,source2
SYNTHETIC VALIDATION — NOT COMPETITION PERFORMANCE,E0005403,5403,38,1.000001,0.7161266,1.000001,0.7161266,1.0,1,1,1,1,0,0,0.28387433,0.28387433,2,20+,correct,JP,source2
SYNTHETIC VALIDATION — NOT COMPETITION PERFORMANCE,E0005409,5409,38,1.000001,0.900001,1.000001,0.900001,1.0,1,2,1,1,1,0,0.099999964,0.099999964,2,20+,over_selection,US,source2
SYNTHETIC VALIDATION — NOT COMPETITION PERFORMANCE,E0005418,5418,35,1.000001,9.484401e-11,1.000001,9.484401e-11,1.0,1,1,1,1,0,0,1.000001,1.000001,1,20+,correct,FR,source2
SYNTHETIC VALIDATION — NOT COMPETITION PERFORMANCE,E0005422,5422,42,1.000001,1.7173782e-10,1.000001,1.7173782e-10,1.0,1,1,1,1,0,0,1.000001,1.000001,1,20+,correct,FR,source2
SYNTHETIC VALIDATION — NOT COMPETITION PERFORMANCE,E0005430,5430,38,1.000001,1.000001,1.000001,1.5315965e-10,1.0,2,2,2,2,0,0,0.0,1.000001,2,20+,correct,US,source3
SYNTHETIC VALIDATION — NOT COMPETITION PERFORMANCE,E0005439,5439,28,0.0013513566,1.05395255e-10,,0.0013513566,,0,0,0,0,0,0,0.0013513565,,0,20+,correct,BR,none
SYNTHETIC VALIDATION — NOT COMPETITION PERFORMANCE,E0005443,5443,24,1.9672634e-10,1.8504398e-10,,1.9672634e-10,,0,0,0,0,0,0,1.1682363e-11,,0,20+,correct,US,none
SYNTHETIC VALIDATION — NOT COMPETITION PERFORMANCE,E0005448,5448,37,1.000001,0.0013513542,1.000001,0.0013513542,1.0,1,1,1,1,0,0,0.9986496,0.9986496,1,20+,correct,DE,source2
SYNTHETIC VALIDATION — NOT COMPETITION PERFORMANCE,E0005452,5452,50,0.3571437,0.019607853,,0.3571437,,0,0,0,0,0,0,0.33753586,,0,20+,correct,US,none
SYNTHETIC VALIDATION — NOT COMPETITION PERFORMANCE,E0005460,5460,27,1.6056051e-10,1.09024234e-10,,1.6056051e-10,,0,0,0,0,0,0,5.1536275e-11,,0,20+,correct,DE,none
SYNTHETIC VALIDATION — NOT COMPETITION PERFORMANCE,E0005461,5461,46,1.000001,1.000001,1.000001,0.023809545,1.0,2,2,2,2,0,0,0.0,0.9761914,2,20+,correct,JP,source2+source3
SYNTHETIC VALIDATION — NOT COMPETITION PERFORMANCE,E0005467,5467,40,1.8694879e-10,1.4639312e-10,,1.8694879e-10,,0,0,0,0,0,0,4.055567e-11,,0,20+,correct,US,none
SYNTHETIC VALIDATION — NOT COMPETITION PERFORMANCE,E0005468,5468,42,1.000001,0.37500095,1.000001,0.37500095,1.0,1,1,1,1,0,0,0.625,0.625,1,20+,correct,BR,source2
SYNTHETIC VALIDATION — NOT COMPETITION PERFORMANCE,E0005471,5471,29,0.0013513528,3.3323025e-10,,0.0013513528,,0,0,0,0,0,0,0.0013513524,,0,20+,correct,JP,none
SYNTHETIC VALIDATION — NOT COMPETITION PERFORMANCE,E0005481,5481,38,1.000001,0.120689735,1.000001,0.120689735,1.0,1,1,1,1,0,0,0.8793112,0.8793112,1,20+,correct,DE,source2
SYNTHETIC VALIDATION — NOT COMPETITION PERFORMANCE,E0005489,5489,40,1.000001,0.019607853,1.000001,0.019607853,1.0,1,1,1,1,0,0,0.9803931,0.9803931,1,20+,correct,IN,source2
SYNTHETIC VALIDATION — NOT COMPETITION PERFORMANCE,E0005492,5492,38,1.000001,1.000001,1.000001,0.08333339,1.0,3,3,3,3,0,0,0.0,0.9166676,3,20+,correct,US,source2+source3
SYNTHETIC VALIDATION — NOT COMPETITION PERFORMANCE,E0005498,5498,41,1.000001,0.0013513535,1.000001,0.0013513535,1.0,1,1,1,1,0,0,0.9986496,0.9986496,1,20+,correct,US,source3
SYNTHETIC VALIDATION — NOT COMPETITION PERFORMANCE,E0005500,5500,37,1.000001,1.000001,1.000001,0.023809541,1.0,3,3,3,3,0,0,0.0,0.9761914,3,20+,correct,US,source2
SYNTHETIC VALIDATION — NOT COMPETITION PERFORMANCE,E0005508,5508,33,1.000001,1.000001,1.000001,2.1496019e-11,1.0,3,3,3,3,0,0,0.0,1.000001,3,20+,correct,US,source2+source3
SYNTHETIC VALIDATION — NOT COMPETITION PERFORMANCE,E0005510,5510,23,1.000001,1.000001,1.000001,9.1612815e-11,1.0,4,4,4,4,0,0,0.0,1.000001,4,20+,correct,FR,source2+source3
SYNTHETIC VALIDATION — NOT COMPETITION PERFORMANCE,E0005522,5522,40,1.000001,1.3858614e-10,1.000001,1.3858614e-10,1.0,1,1,1,1,0,0,1.000001,1.000001,1,20+,correct,US,source2
SYNTHETIC VALIDATION — NOT COMPETITION PERFORMANCE,E0005530,5530,20,1.000001,0.12068985,1.000001,0.12068985,1.0,1,1,1,1,0,0,0.8793111,0.8793111,1,5-20,correct,DE,source2
SYNTHETIC VALIDATION — NOT COMPETITION PERFORMANCE,E0005543,5543,42,1.000001,1.000001,1.000001,0.0013513534,1.0,2,2,2,2,0,0,0.0,0.9986496,2,20+,correct,FR,source2+source3
SYNTHETIC VALIDATION — NOT COMPETITION PERFORMANCE,E0005552,5552,28,1.000001,1.6506964e-10,1.000001,1.6506964e-10,1.0,1,1,1,1,0,0,1.000001,1.000001,1,20+,correct,US,source2
SYNTHETIC VALIDATION — NOT COMPETITION PERFORMANCE,E0005561,5561,43,0.32340273,0.0013513522,,0.32340273,,0,0,0,0,0,0,0.32205138,,0,20+,correct,DE,none
SYNTHETIC VALIDATION — NOT COMPETITION PERFORMANCE,E0005567,5567,24,1.000001,3.0351746e-10,1.000001,3.0351746e-10,1.0,1,1,1,1,0,0,1.000001,1.000001,1,20+,correct,FR,source3
SYNTHETIC VALIDATION — NOT COMPETITION PERFORMANCE,E0005576,5576,45,1.000001,3.9443834e-11,1.000001,3.9443834e-11,1.0,1,1,1,1,0,0,1.000001,1.000001,1,20+,correct,US,source2
SYNTHETIC VALIDATION — NOT COMPETITION PERFORMANCE,E0005577,5577,32,1.151098e-10,5.6985347e-11,,1.151098e-10,,0,0,0,0,0,0,5.812445e-11,,0,20+,correct,US,none
SYNTHETIC VALIDATION — NOT COMPETITION PERFORMANCE,E0005581,5581,56,1.000001,0.0013513534,1.000001,0.0013513534,1.0,1,1,1,1,0,0,0.9986496,0.9986496,1,20+,correct,US,source2
SYNTHETIC VALIDATION — NOT COMPETITION PERFORMANCE,E0005583,5583,40,2.3863747e-10,8.4993124e-11,,2.3863747e-10,,0,0,0,0,0,0,1.5364435e-10,,0,20+,correct,IN,none
SYNTHETIC VALIDATION — NOT COMPETITION PERFORMANCE,E0005591,5591,43,0.001351352,6.011223e-11,,0.001351352,,0,0,0,0,0,0,0.0013513518,,0,20+,correct,BR,none
SYNTHETIC VALIDATION — NOT COMPETITION PERFORMANCE,E0005597,5597,40,1.000001,0.3571437,1.000001,0.120689735,1.0,2,1,1,2,0,1,0.64285725,0.8793112,1,20+,multi_under_selection,FR,source2+source3
SYNTHETIC VALIDATION — NOT COMPETITION PERFORMANCE,E0005598,5598,39,1.000001,9.089761e-11,1.000001,9.089761e-11,1.0,1,1,1,1,0,0,1.000001,1.000001,1,20+,correct,US,source3
SYNTHETIC VALIDATION — NOT COMPETITION PERFORMANCE,E0005607,5607,42,1.000001,0.0013513545,1.000001,0.0013513545,1.0,1,1,1,1,0,0,0.9986496,0.9986496,1,20+,correct,DE,source2
SYNTHETIC VALIDATION — NOT COMPETITION PERFORMANCE,E0005610,5610,23,1.6779234e-10,8.0427186e-11,,1.6779234e-10,,0,0,0,0,0,0,8.736515e-11,,0,20+,correct,US,none
SYNTHETIC VALIDATION — NOT COMPETITION PERFORMANCE,E0005612,5612,39,1.000001,4.5610345e-11,1.000001,4.5610345e-11,1.0,1,1,1,1,0,0,1.000001,1.000001,1,20+,correct,US,source2
SYNTHETIC VALIDATION — NOT COMPETITION PERFORMANCE,E0005616,5616,23,1.000001,1.000001,1.000001,5.2894366e-11,1.0,4,4,4,4,0,0,0.0,1.000001,4,20+,correct,IN,source3
SYNTHETIC VALIDATION — NOT COMPETITION PERFORMANCE,E0005617,5617,37,1.612149e-10,6.6698015e-11,,1.612149e-10,,0,0,0,0,0,0,9.451689e-11,,0,20+,correct,US,none
SYNTHETIC VALIDATION — NOT COMPETITION PERFORMANCE,E0005619,5619,28,0.0013513571,2.5604754e-11,,0.0013513571,,0,0,0,1,0,1,0.0013513571,,0,20+,retrieval_miss,BR,source2
SYNTHETIC VALIDATION — NOT COMPETITION PERFORMANCE,E0005621,5621,22,3.7331366e-10,1.447998e-10,,3.7331366e-10,,0,0,0,0,0,0,2.2851386e-10,,0,20+,correct,DE,none
SYNTHETIC VALIDATION — NOT COMPETITION PERFORMANCE,E0005624,5624,30,1.000001,6.056801e-11,1.000001,6.056801e-11,1.0,1,1,1,1,0,0,1.000001,1.000001,1,20+,correct,DE,source2
SYNTHETIC VALIDATION — NOT COMPETITION PERFORMANCE,E0005625,5625,40,1.000001,1.000001,1.000001,2.481986e-10,1.0,4,2,2,4,0,2,0.0,1.000001,2,20+,multi_under_selection,BR,source2+source3
SYNTHETIC VALIDATION — NOT COMPETITION PERFORMANCE,E0005629,5629,26,1.000001,2.405776e-10,1.000001,2.405776e-10,1.0,1,1,1,1,0,0,1.000001,1.000001,1,20+,correct,US,source2
SYNTHETIC VALIDATION — NOT COMPETITION PERFORMANCE,E0005631,5631,27,1.000001,0.0013513521,1.000001,0.0013513521,1.0,1,1,1,1,0,0,0.9986496,0.9986496,1,20+,correct,US,source2
SYNTHETIC VALIDATION — NOT COMPETITION PERFORMANCE,E0005635,5635,36,1.000001,1.000001,1.000001,0.0013513522,1.0,4,4,4,4,0,0,0.0,0.9986496,4,20+,correct,US,source2+source3
SYNTHETIC VALIDATION — NOT COMPETITION PERFORMANCE,E0005643,5643,15,2.0340814e-10,8.576364e-11,,2.0340814e-10,,0,0,0,0,0,0,1.176445e-10,,0,5-20,correct,FR,none
SYNTHETIC VALIDATION — NOT COMPETITION PERFORMANCE,E0005646,5646,37,7.405994e-11,3.4258124e-11,,7.405994e-11,,0,0,0,0,0,0,3.9801815e-11,,0,20+,correct,IN,none
SYNTHETIC VALIDATION — NOT COMPETITION PERFORMANCE,E0005656,5656,28,1.000001,0.0013513544,1.000001,0.0013513544,1.0,1,1,1,1,0,0,0.9986496,0.9986496,1,20+,correct,IN,source2
SYNTHETIC VALIDATION — NOT COMPETITION PERFORMANCE,E0005661,5661,44,3.6250853e-11,3.272712e-11,,3.6250853e-11,,0,0,0,0,0,0,3.5237334e-12,,0,20+,correct,DE,none
SYNTHETIC VALIDATION — NOT COMPETITION PERFORMANCE,E0005663,5663,20,0.08333339,3.466497e-10,,0.08333339,,0,0,0,0,0,0,0.08333339,,0,5-20,correct,FR,none
SYNTHETIC VALIDATION — NOT COMPETITION PERFORMANCE,E0005667,5667,25,1.000001,1.000001,1.000001,0.001351353,1.0,4,3,3,4,0,1,0.0,0.9986496,4,20+,multi_under_selection,BR,source2+source3
SYNTHETIC VALIDATION — NOT COMPETITION PERFORMANCE,E0005678,5678,39,1.000001,2.585315e-10,1.000001,2.585315e-10,1.0,1,1,1,1,0,0,1.000001,1.000001,1,20+,correct,BR,source3
SYNTHETIC VALIDATION — NOT COMPETITION PERFORMANCE,E0005679,5679,38,1.000001,0.019607857,1.000001,0.019607857,1.0,1,1,1,1,0,0,0.9803931,0.9803931,1,20+,correct,DE,source3
SYNTHETIC VALIDATION — NOT COMPETITION PERFORMANCE,E0005683,5683,40,0.12068982,9.879994e-11,0.12068982,9.879994e-11,1.0,1,0,0,1,0,1,0.12068982,0.12068982,0,20+,decision_miss,IN,source3
SYNTHETIC VALIDATION — NOT COMPETITION PERFORMANCE,E0005684,5684,27,0.7222232,0.120689765,0.7222232,0.120689765,1.0,1,1,1,1,0,0,0.6015335,0.6015335,1,20+,correct,FR,source3
SYNTHETIC VALIDATION — NOT COMPETITION PERFORMANCE,E0005686,5686,35,1.000001,9.672185e-11,1.000001,9.672185e-11,1.0,1,1,1,1,0,0,1.000001,1.000001,1,20+,correct,US,source2
SYNTHETIC VALIDATION — NOT COMPETITION PERFORMANCE,E0005688,5688,49,0.001351353,0.0013513517,,0.001351353,,0,0,0,0,0,0,1.2805685e-09,,0,20+,correct,BR,none
SYNTHETIC VALIDATION — NOT COMPETITION PERFORMANCE,E0005697,5697,44,0.0013513551,0.0013513536,,0.0013513551,,0,0,0,0,0,0,1.5133992e-09,,0,20+,correct,BR,none
SYNTHETIC VALIDATION — NOT COMPETITION PERFORMANCE,E0005704,5704,41,1.000001,0.08333339,1.000001,0.08333339,1.0,1,1,1,1,0,0,0.9166676,0.9166676,1,20+,correct,JP,source3
SYNTHETIC VALIDATION — NOT COMPETITION PERFORMANCE,E0005707,5707,8,0.875001,3.2384723e-10,0.875001,3.2384723e-10,1.0,1,1,1,1,0,0,0.875001,0.875001,1,5-20,correct,FR,source2
SYNTHETIC VALIDATION — NOT COMPETITION PERFORMANCE,E0005709,5709,40,0.0013513531,1.3282218e-10,,0.0013513531,,0,0,0,0,0,0,0.001351353,,0,20+,correct,US,none
SYNTHETIC VALIDATION — NOT COMPETITION PERFORMANCE,E0005710,5710,23,0.0013513525,0.0013513517,,0.0013513525,,0,0,0,0,0,0,8.1490725e-10,,0,20+,correct,DE,none
SYNTHETIC VALIDATION — NOT COMPETITION PERFORMANCE,E0005715,5715,46,0.019607857,0.001351352,,0.019607857,,0,0,0,0,0,0,0.018256504,,0,20+,correct,US,none
SYNTHETIC VALIDATION — NOT COMPETITION PERFORMANCE,E0005723,5723,24,1.000001,0.001351357,1.000001,0.001351357,1.0,1,1,1,1,0,0,0.9986496,0.9986496,1,20+,correct,US,source2
SYNTHETIC VALIDATION — NOT COMPETITION PERFORMANCE,E0005729,5729,37,1.000001,1.2556126e-10,1.000001,1.2556126e-10,1.0,1,1,1,1,0,0,1.000001,1.000001,1,20+,correct,IN,source3
SYNTHETIC VALIDATION — NOT COMPETITION PERFORMANCE,E0005731,5731,32,1.000001,0.8571439,1.000001,0.001351352,1.0,2,2,2,2,0,0,0.14285707,0.9986496,2,20+,correct,JP,source2
SYNTHETIC VALIDATION — NOT COMPETITION PERFORMANCE,E0005732,5732,31,0.0013513549,0.0013513524,,0.0013513549,,0,0,0,0,0,0,2.4447218e-09,,0,20+,correct,IN,none
SYNTHETIC VALIDATION — NOT COMPETITION PERFORMANCE,E0005741,5741,44,0.12068983,8.5723276e-11,,0.12068983,,0,0,0,0,0,0,0.12068983,,0,20+,correct,US,none
SYNTHETIC VALIDATION — NOT COMPETITION PERFORMANCE,E0005747,5747,31,1.000001,1.000001,1.000001,2.9751403e-11,1.0,4,4,4,4,0,0,0.0,1.000001,4,20+,correct,IN,source2+source3
SYNTHETIC VALIDATION — NOT COMPETITION PERFORMANCE,E0005752,5752,40,0.0013513523,0.0013513521,,0.0013513523,,0,0,0,0,0,0,2.3283064e-10,,0,20+,correct,JP,none
SYNTHETIC VALIDATION — NOT COMPETITION PERFORMANCE,E0005756,5756,42,1.000001,0.023809537,1.000001,0.023809537,1.0,1,1,1,1,0,0,0.9761914,0.9761914,1,20+,correct,IN,source2
SYNTHETIC VALIDATION — NOT COMPETITION PERFORMANCE,E0005760,5760,30,3.0939577e-11,1.6997665e-11,,3.0939577e-11,,0,0,0,0,0,0,1.3941912e-11,,0,20+,correct,US,none
SYNTHETIC VALIDATION — NOT COMPETITION PERFORMANCE,E0005776,5776,30,1.000001,1.000001,1.000001,6.556656e-11,1.0,2,2,2,2,0,0,0.0,1.000001,2,20+,correct,US,source2
SYNTHETIC VALIDATION — NOT COMPETITION PERFORMANCE,E0005777,5777,30,0.0013513606,1.08326674e-10,,0.0013513606,,0,0,0,0,0,0,0.0013513605,,0,20+,correct,DE,none
SYNTHETIC VALIDATION — NOT COMPETITION PERFORMANCE,E0005778,5778,50,2.7016567e-10,1.4486862e-10,,2.7016567e-10,,0,0,0,0,0,0,1.2529705e-10,,0,20+,correct,BR,none
SYNTHETIC VALIDATION — NOT COMPETITION PERFORMANCE,E0005786,5786,41,0.083333366,0.0013513521,,0.083333366,,0,0,0,0,0,0,0.08198202,,0,20+,correct,JP,none
SYNTHETIC VALIDATION — NOT COMPETITION PERFORMANCE,E0005790,5790,40,4.718977e-11,1.5692598e-11,,4.718977e-11,,0,0,0,0,0,0,3.1497173e-11,,0,20+,correct,IN,none
SYNTHETIC VALIDATION — NOT COMPETITION PERFORMANCE,E0005791,5791,27,1.000001,2.0443845e-11,1.000001,2.0443845e-11,1.0,1,1,1,1,0,0,1.000001,1.000001,1,20+,correct,US,source2
SYNTHETIC VALIDATION — NOT COMPETITION PERFORMANCE,E0005795,5795,35,4.637424e-11,2.8370977e-11,,4.637424e-11,,0,0,0,0,0,0,1.8003264e-11,,0,20+,correct,IN,none
SYNTHETIC VALIDATION — NOT COMPETITION PERFORMANCE,E0005804,5804,36,1.6934683e-11,1.5675305e-11,,1.6934683e-11,,0,0,0,0,0,0,1.259378e-12,,0,20+,correct,FR,none
SYNTHETIC VALIDATION — NOT COMPETITION PERFORMANCE,E0005805,5805,26,1.000001,0.0013513521,1.000001,0.0013513521,1.0,1,1,1,1,0,0,0.9986496,0.9986496,1,20+,correct,US,source2
SYNTHETIC VALIDATION — NOT COMPETITION PERFORMANCE,E0005809,5809,39,3.1981844e-11,2.8869754e-11,,3.1981844e-11,,0,0,0,0,0,0,3.1120904e-12,,0,20+,correct,DE,none
SYNTHETIC VALIDATION — NOT COMPETITION PERFORMANCE,E0005815,5815,32,1.000001,1.000001,1.000001,1.1488185e-10,1.0,3,2,2,3,0,1,0.0,1.000001,3,20+,multi_under_selection,US,source3
SYNTHETIC VALIDATION — NOT COMPETITION PERFORMANCE,E0005826,5826,36,1.000001,2.2197831e-10,1.000001,2.2197831e-10,1.0,1,1,1,1,0,0,1.000001,1.000001,1,20+,correct,IN,source2
SYNTHETIC VALIDATION — NOT COMPETITION PERFORMANCE,E0005830,5830,40,0.001351352,2.8172662e-11,,0.001351352,,0,0,0,0,0,0,0.001351352,,0,20+,correct,US,none
SYNTHETIC VALIDATION — NOT COMPETITION PERFORMANCE,E0005834,5834,26,1.000001,6.0229884e-11,1.000001,6.0229884e-11,1.0,1,1,1,1,0,0,1.000001,1.000001,1,20+,correct,US,source3
SYNTHETIC VALIDATION — NOT COMPETITION PERFORMANCE,E0005839,5839,32,1.000001,1.000001,1.000001,0.27586246,1.0,2,2,2,2,0,0,0.0,0.7241385,2,20+,correct,BR,source2+source3
SYNTHETIC VALIDATION — NOT COMPETITION PERFORMANCE,E0005851,5851,26,1.000001,0.37500095,1.000001,0.0013513549,1.0,2,1,1,2,0,1,0.625,0.9986496,1,20+,multi_under_selection,DE,source2+source3
SYNTHETIC VALIDATION — NOT COMPETITION PERFORMANCE,E0005859,5859,40,0.0013513541,4.934338e-11,,0.0013513541,,0,0,0,0,0,0,0.0013513541,,0,20+,correct,IN,none
SYNTHETIC VALIDATION — NOT COMPETITION PERFORMANCE,E0005864,5864,45,0.875001,0.8571439,0.875001,0.12068973,1.0,2,2,2,2,0,0,0.017857134,0.75431126,2,20+,correct,US,source2
SYNTHETIC VALIDATION — NOT COMPETITION PERFORMANCE,E0005872,5872,44,1.000001,0.35714376,1.000001,0.001351352,1.0,2,1,1,2,0,1,0.6428572,0.9986496,1,20+,multi_under_selection,US,source2+source3
SYNTHETIC VALIDATION — NOT COMPETITION PERFORMANCE,E0005879,5879,50,1.000001,0.0013513551,1.000001,0.0013513551,1.0,1,1,1,1,0,0,0.9986496,0.9986496,1,20+,correct,US,source3
SYNTHETIC VALIDATION — NOT COMPETITION PERFORMANCE,E0005881,5881,27,1.000001,1.000001,1.000001,1.032651e-10,1.0,2,2,2,2,0,0,0.0,1.000001,2,20+,correct,US,source2
SYNTHETIC VALIDATION — NOT COMPETITION PERFORMANCE,E0005883,5883,29,0.0013513517,3.1503486e-10,,0.0013513517,,0,0,0,0,0,0,0.0013513514,,0,20+,correct,DE,none
SYNTHETIC VALIDATION — NOT COMPETITION PERFORMANCE,E0005888,5888,36,0.875001,1.00787004e-10,0.875001,1.00787004e-10,1.0,1,1,1,1,0,0,0.875001,0.875001,1,20+,correct,DE,source2
SYNTHETIC VALIDATION — NOT COMPETITION PERFORMANCE,E0005889,5889,40,0.019607853,3.5561717e-10,,0.019607853,,0,0,0,0,0,0,0.019607853,,0,20+,correct,US,none
SYNTHETIC VALIDATION — NOT COMPETITION PERFORMANCE,E0005898,5898,24,1.000001,4.3266633e-11,1.000001,4.3266633e-11,1.0,1,1,1,1,0,0,1.000001,1.000001,1,20+,correct,FR,source2
SYNTHETIC VALIDATION — NOT COMPETITION PERFORMANCE,E0005899,5899,37,4.9249313e-11,4.8501335e-11,,4.9249313e-11,,0,0,0,0,0,0,7.4797807e-13,,0,20+,correct,BR,none
SYNTHETIC VALIDATION — NOT COMPETITION PERFORMANCE,E0005901,5901,25,1.000001,0.0013513518,1.000001,0.0013513518,1.0,1,1,1,1,0,0,0.9986496,0.9986496,1,20+,correct,BR,source2
SYNTHETIC VALIDATION — NOT COMPETITION PERFORMANCE,E0005910,5910,23,1.000001,0.0013513527,1.000001,0.0013513527,1.0,1,1,1,1,0,0,0.9986496,0.9986496,1,20+,correct,US,source3
SYNTHETIC VALIDATION — NOT COMPETITION PERFORMANCE,E0005913,5913,45,1.000001,1.000001,1.000001,0.023809541,1.0,2,2,2,3,0,1,0.0,0.9761914,2,20+,retrieval_miss,JP,source3
SYNTHETIC VALIDATION — NOT COMPETITION PERFORMANCE,E0005921,5921,25,1.000001,1.000001,1.000001,0.001351352,1.0,2,2,2,2,0,0,0.0,0.9986496,2,20+,correct,US,source2+source3
SYNTHETIC VALIDATION — NOT COMPETITION PERFORMANCE,E0005928,5928,47,4.7288586e-11,3.7568903e-11,,4.7288586e-11,,0,0,0,0,0,0,9.719683e-12,,0,20+,correct,IN,none
SYNTHETIC VALIDATION — NOT COMPETITION PERFORMANCE,E0005931,5931,39,1.000001,0.7222232,1.000001,0.7222232,1.0,1,1,1,1,0,0,0.27777773,0.27777773,2,20+,correct,US,source2
SYNTHETIC VALIDATION — NOT COMPETITION PERFORMANCE,E0005935,5935,35,1.000001,2.1754064e-11,1.000001,2.1754064e-11,1.0,1,1,1,1,0,0,1.000001,1.000001,1,20+,correct,DE,source2
SYNTHETIC VALIDATION — NOT COMPETITION PERFORMANCE,E0005937,5937,44,1.000001,0.8571439,1.000001,3.5096905e-11,1.0,2,2,2,2,0,0,0.14285707,1.000001,2,20+,correct,FR,source2
SYNTHETIC VALIDATION — NOT COMPETITION PERFORMANCE,E0005942,5942,33,1.000001,0.08333339,1.000001,0.08333339,1.0,1,1,1,1,0,0,0.9166676,0.9166676,1,20+,correct,FR,source2
SYNTHETIC VALIDATION — NOT COMPETITION PERFORMANCE,E0005945,5945,43,1.000001,0.0013513542,1.000001,0.0013513542,1.0,1,1,1,1,0,0,0.9986496,0.9986496,1,20+,correct,JP,source2
SYNTHETIC VALIDATION — NOT COMPETITION PERFORMANCE,E0005954,5954,40,0.8571439,0.0013513564,0.8571439,0.0013513564,1.0,1,1,1,1,0,0,0.8557925,0.8557925,1,20+,correct,FR,source2
SYNTHETIC VALIDATION — NOT COMPETITION PERFORMANCE,E0005963,5963,25,0.0013513572,0.0013513522,,0.0013513572,,0,0,0,0,0,0,5.005859e-09,,0,20+,correct,FR,none
SYNTHETIC VALIDATION — NOT COMPETITION PERFORMANCE,E0005967,5967,24,0.85714394,9.0786954e-11,0.85714394,9.0786954e-11,1.0,1,1,1,1,0,0,0.85714394,0.85714394,1,20+,correct,US,source2
SYNTHETIC VALIDATION — NOT COMPETITION PERFORMANCE,E0005975,5975,41,1.000001,1.2423075e-10,1.000001,1.2423075e-10,1.0,1,1,1,1,0,0,1.000001,1.000001,1,20+,correct,US,source3
SYNTHETIC VALIDATION — NOT COMPETITION PERFORMANCE,E0005980,5980,48,1.8721596e-10,1.2804545e-10,,1.8721596e-10,,0,0,0,0,0,0,5.9170516e-11,,0,20+,correct,US,none
SYNTHETIC VALIDATION — NOT COMPETITION PERFORMANCE,E0005983,5983,38,1.000001,1.000001,1.000001,0.0013513529,1.0,4,4,4,4,0,0,0.0,0.9986496,4,20+,correct,US,source2+source3
SYNTHETIC VALIDATION — NOT COMPETITION PERFORMANCE,E0005988,5988,46,1.000001,3.1471686e-10,1.000001,3.1471686e-10,1.0,1,1,1,1,0,0,1.000001,1.000001,1,20+,correct,US,source2
